order_item_id,order_id,product_id,quantity,unit_price,discount,line_total
ITEM-000001,ORD-000001,PROD-058,4,7.71,0.0,30.84
ITEM-000002,ORD-000001,PROD-065,3,24.45,0.1,66.02
ITEM-000003,ORD-000001,PROD-080,3,48.68,0.05,138.74
ITEM-000004,ORD-000001,PROD-058,3,7.79,0.0,23.37
ITEM-000005,ORD-000002,PROD-051,4,89.03,0.15,302.7
ITEM-000006,ORD-000002,PROD-080,3,50.93,0.0,152.79
ITEM-000007,ORD-000002,PROD-082,3,39.54,0.1,106.76
ITEM-000008,ORD-000002,PROD-054,1,51.04,0.0,51.04
ITEM-000009,ORD-000002,PROD-004,2,36.36,0.0,72.72
ITEM-000010,ORD-000003,PROD-030,1,36.25,0.2,29.0
ITEM-000011,ORD-000003,PROD-025,1,30.0,0.0,30.0
ITEM-000012,ORD-000003,PROD-082,4,38.04,0.0,152.16
ITEM-000013,ORD-000004,PROD-056,4,25.59,0.1,92.12
ITEM-000014,ORD-000004,PROD-043,1,9.63,0.0,9.63
ITEM-000015,ORD-000004,PROD-017,4,20.78,0.0,83.12
ITEM-000016,ORD-000005,PROD-055,4,19.91,0.0,79.64
ITEM-000017,ORD-000005,PROD-027,2,250.73,0.05,476.39
ITEM-000018,ORD-000006,PROD-030,4,33.85,0.0,135.4
ITEM-000019,ORD-000007,PROD-076,1,12.99,0.2,10.39
ITEM-000020,ORD-000007,PROD-077,1,17.5,0.0,17.5
ITEM-000021,ORD-000008,PROD-072,2,20.75,0.1,37.35
ITEM-000022,ORD-000009,PROD-059,1,19.88,0.05,18.89
ITEM-000023,ORD-000009,PROD-032,4,20.67,0.2,66.14
ITEM-000024,ORD-000009,PROD-003,2,28.98,0.1,52.16
ITEM-000025,ORD-000009,PROD-008,1,51.93,0.0,51.93
ITEM-000026,ORD-000009,PROD-059,3,20.5,0.0,61.5
ITEM-000027,ORD-000009,PROD-094,3,45.66,0.0,136.98
ITEM-000028,ORD-000010,PROD-048,1,19.2,0.0,19.2
ITEM-000029,ORD-000011,PROD-064,1,61.14,0.05,58.08
ITEM-000030,ORD-000012,PROD-046,1,19.65,0.0,19.65
ITEM-000031,ORD-000012,PROD-074,4,20.24,0.0,80.96
ITEM-000032,ORD-000012,PROD-023,4,132.32,0.1,476.35
ITEM-000033,ORD-000012,PROD-098,1,10.49,0.0,10.49
ITEM-000034,ORD-000013,PROD-045,3,43.28,0.0,129.84
ITEM-000035,ORD-000014,PROD-025,1,28.63,0.0,28.63
ITEM-000036,ORD-000014,PROD-090,4,28.53,0.0,114.12
ITEM-000037,ORD-000015,PROD-004,3,35.2,0.0,105.6
ITEM-000038,ORD-000016,PROD-067,1,47.04,0.2,37.63
ITEM-000039,ORD-000016,PROD-068,4,20.47,0.0,81.88
ITEM-000040,ORD-000016,PROD-061,2,29.15,0.1,52.47
ITEM-000041,ORD-000017,PROD-081,2,30.97,0.1,55.75
ITEM-000042,ORD-000017,PROD-055,3,20.28,0.2,48.67
ITEM-000043,ORD-000018,PROD-065,4,24.82,0.0,99.28
ITEM-000044,ORD-000018,PROD-019,2,53.59,0.1,96.46
ITEM-000045,ORD-000019,PROD-021,4,49.37,0.0,197.48
ITEM-000046,ORD-000019,PROD-008,2,49.65,0.0,99.3
ITEM-000047,ORD-000020,PROD-081,2,29.73,0.05,56.49
ITEM-000048,ORD-000020,PROD-020,3,39.26,0.0,117.78
ITEM-000049,ORD-000020,PROD-075,1,14.86,0.15,12.63
ITEM-000050,ORD-000020,PROD-001,1,79.27,0.0,79.27
ITEM-000051,ORD-000021,PROD-056,4,25.29,0.0,101.16
ITEM-000052,ORD-000022,PROD-043,1,9.61,0.15,8.17
ITEM-000053,ORD-000023,PROD-022,1,77.29,0.0,77.29
ITEM-000054,ORD-000023,PROD-054,1,50.24,0.0,50.24
ITEM-000055,ORD-000024,PROD-033,4,144.12,0.05,547.66
ITEM-000056,ORD-000024,PROD-049,1,57.87,0.15,49.19
ITEM-000057,ORD-000025,PROD-098,4,9.69,0.0,38.76
ITEM-000058,ORD-000025,PROD-039,1,24.79,0.0,24.79
ITEM-000059,ORD-000025,PROD-097,2,28.15,0.0,56.3
ITEM-000060,ORD-000026,PROD-041,4,40.81,0.0,163.24
ITEM-000061,ORD-000026,PROD-092,1,15.04,0.05,14.29
ITEM-000062,ORD-000026,PROD-039,2,24.88,0.0,49.76
ITEM-000063,ORD-000026,PROD-057,2,14.61,0.15,24.84
ITEM-000064,ORD-000027,PROD-028,3,20.99,0.0,62.97
ITEM-000065,ORD-000028,PROD-001,3,81.46,0.0,244.38
ITEM-000066,ORD-000028,PROD-017,3,19.72,0.0,59.16
ITEM-000067,ORD-000029,PROD-070,4,23.37,0.1,84.13
ITEM-000068,ORD-000029,PROD-072,2,19.63,0.05,37.3
ITEM-000069,ORD-000030,PROD-009,4,62.91,0.0,251.64
ITEM-000070,ORD-000031,PROD-074,3,19.64,0.1,53.03
ITEM-000071,ORD-000031,PROD-042,3,52.28,0.15,133.31
ITEM-000072,ORD-000032,PROD-047,1,18.02,0.0,18.02
ITEM-000073,ORD-000032,PROD-091,3,15.44,0.0,46.32
ITEM-000074,ORD-000033,PROD-074,2,20.08,0.0,40.16
ITEM-000075,ORD-000033,PROD-059,1,19.56,0.0,19.56
ITEM-000076,ORD-000033,PROD-012,2,48.41,0.0,96.82
ITEM-000077,ORD-000033,PROD-026,2,25.37,0.0,50.74
ITEM-000078,ORD-000034,PROD-083,1,17.52,0.0,17.52
ITEM-000079,ORD-000034,PROD-028,1,20.09,0.2,16.07
ITEM-000080,ORD-000034,PROD-074,1,20.21,0.0,20.21
ITEM-000081,ORD-000034,PROD-010,4,134.17,0.0,536.68
ITEM-000082,ORD-000034,PROD-072,2,20.09,0.15,34.15
ITEM-000083,ORD-000034,PROD-061,3,29.91,0.1,80.76
ITEM-000084,ORD-000034,PROD-020,3,38.83,0.15,99.02
ITEM-000085,ORD-000035,PROD-097,2,27.24,0.0,54.48
ITEM-000086,ORD-000036,PROD-040,4,20.17,0.0,80.68
ITEM-000087,ORD-000037,PROD-011,2,92.25,0.0,184.5
ITEM-000088,ORD-000038,PROD-058,3,8.18,0.0,24.54
ITEM-000089,ORD-000038,PROD-033,1,151.05,0.0,151.05
ITEM-000090,ORD-000038,PROD-044,2,16.38,0.0,32.76
ITEM-000091,ORD-000038,PROD-024,1,41.43,0.0,41.43
ITEM-000092,ORD-000038,PROD-040,2,19.75,0.1,35.55
ITEM-000093,ORD-000038,PROD-039,2,23.9,0.0,47.8
ITEM-000094,ORD-000039,PROD-030,1,34.57,0.2,27.66
ITEM-000095,ORD-000039,PROD-019,2,56.45,0.0,112.9
ITEM-000096,ORD-000039,PROD-058,1,8.19,0.2,6.55
ITEM-000097,ORD-000039,PROD-063,2,49.79,0.0,99.58
ITEM-000098,ORD-000040,PROD-082,4,40.45,0.15,137.53
ITEM-000099,ORD-000040,PROD-065,2,25.28,0.0,50.56
ITEM-000100,ORD-000040,PROD-003,1,29.14,0.0,29.14
ITEM-000101,ORD-000041,PROD-027,4,246.84,0.0,987.36
ITEM-000102,ORD-000041,PROD-017,2,19.81,0.0,39.62
ITEM-000103,ORD-000042,PROD-019,4,56.73,0.0,226.92
ITEM-000104,ORD-000042,PROD-053,3,10.36,0.0,31.08
ITEM-000105,ORD-000043,PROD-090,1,26.91,0.0,26.91
ITEM-000106,ORD-000043,PROD-024,4,41.11,0.1,148.0
ITEM-000107,ORD-000043,PROD-022,4,78.52,0.0,314.08
ITEM-000108,ORD-000044,PROD-090,2,27.07,0.2,43.31
ITEM-000109,ORD-000044,PROD-005,4,87.25,0.0,349.0
ITEM-000110,ORD-000044,PROD-027,4,256.51,0.0,1026.04
ITEM-000111,ORD-000044,PROD-009,3,61.05,0.0,183.15
ITEM-000112,ORD-000044,PROD-032,2,20.28,0.0,40.56
ITEM-000113,ORD-000044,PROD-039,1,26.08,0.0,26.08
ITEM-000114,ORD-000044,PROD-062,2,19.5,0.0,39.0
ITEM-000115,ORD-000045,PROD-071,4,24.42,0.0,97.68
ITEM-000116,ORD-000045,PROD-076,4,12.55,0.0,50.2
ITEM-000117,ORD-000045,PROD-067,4,44.23,0.0,176.92
ITEM-000118,ORD-000046,PROD-028,3,19.25,0.0,57.75
ITEM-000119,ORD-000047,PROD-069,3,13.28,0.1,35.86
ITEM-000120,ORD-000047,PROD-069,3,13.44,0.0,40.32
ITEM-000121,ORD-000047,PROD-005,1,92.48,0.0,92.48
ITEM-000122,ORD-000048,PROD-047,4,17.21,0.0,68.84
ITEM-000123,ORD-000049,PROD-082,3,39.41,0.1,106.41
ITEM-000124,ORD-000049,PROD-034,1,87.17,0.0,87.17
ITEM-000125,ORD-000049,PROD-001,2,76.55,0.15,130.13
ITEM-000126,ORD-000049,PROD-017,1,20.82,0.0,20.82
ITEM-000127,ORD-000050,PROD-031,1,29.06,0.0,29.06
ITEM-000128,ORD-000050,PROD-007,1,202.07,0.0,202.07
ITEM-000129,ORD-000050,PROD-069,4,13.21,0.0,52.84
ITEM-000130,ORD-000050,PROD-023,3,136.29,0.0,408.87
ITEM-000131,ORD-000051,PROD-068,3,20.72,0.0,62.16
ITEM-000132,ORD-000052,PROD-004,3,36.52,0.1,98.6
ITEM-000133,ORD-000053,PROD-026,1,25.56,0.0,25.56
ITEM-000134,ORD-000053,PROD-099,4,19.28,0.0,77.12
ITEM-000135,ORD-000054,PROD-029,2,90.47,0.05,171.89
ITEM-000136,ORD-000055,PROD-056,4,25.64,0.0,102.56
ITEM-000137,ORD-000055,PROD-016,4,46.86,0.05,178.07
ITEM-000138,ORD-000055,PROD-057,3,15.63,0.15,39.86
ITEM-000139,ORD-000056,PROD-042,1,47.8,0.0,47.8
ITEM-000140,ORD-000057,PROD-018,3,15.43,0.2,37.03
ITEM-000141,ORD-000058,PROD-059,1,19.55,0.0,19.55
ITEM-000142,ORD-000058,PROD-061,2,29.31,0.0,58.62
ITEM-000143,ORD-000059,PROD-081,4,30.52,0.0,122.08
ITEM-000144,ORD-000059,PROD-079,1,20.29,0.0,20.29
ITEM-000145,ORD-000060,PROD-048,2,20.03,0.0,40.06
ITEM-000146,ORD-000061,PROD-045,4,44.02,0.0,176.08
ITEM-000147,ORD-000062,PROD-036,3,14.76,0.0,44.28
ITEM-000148,ORD-000062,PROD-014,4,155.68,0.0,622.72
ITEM-000149,ORD-000062,PROD-012,2,52.35,0.0,104.7
ITEM-000150,ORD-000062,PROD-088,3,48.84,0.2,117.22
ITEM-000151,ORD-000063,PROD-049,1,61.81,0.0,61.81
ITEM-000152,ORD-000064,PROD-001,2,81.56,0.0,163.12
ITEM-000153,ORD-000064,PROD-008,4,49.88,0.0,199.52
ITEM-000154,ORD-000065,PROD-097,4,28.21,0.0,112.84
ITEM-000155,ORD-000066,PROD-014,1,152.46,0.0,152.46
ITEM-000156,ORD-000066,PROD-042,1,48.87,0.0,48.87
ITEM-000157,ORD-000066,PROD-053,1,9.68,0.15,8.23
ITEM-000158,ORD-000066,PROD-015,3,60.76,0.0,182.28
ITEM-000159,ORD-000066,PROD-033,2,143.84,0.0,287.68
ITEM-000160,ORD-000066,PROD-095,2,11.81,0.0,23.62
ITEM-000161,ORD-000067,PROD-072,2,20.87,0.0,41.74
ITEM-000162,ORD-000067,PROD-086,4,17.55,0.2,56.16
ITEM-000163,ORD-000067,PROD-048,2,20.43,0.0,40.86
ITEM-000164,ORD-000067,PROD-014,1,143.42,0.0,143.42
ITEM-000165,ORD-000067,PROD-003,2,30.29,0.0,60.58
ITEM-000166,ORD-000068,PROD-020,1,39.24,0.0,39.24
ITEM-000167,ORD-000068,PROD-074,1,19.86,0.1,17.87
ITEM-000168,ORD-000068,PROD-086,3,18.53,0.0,55.59
ITEM-000169,ORD-000068,PROD-011,3,93.11,0.2,223.46
ITEM-000170,ORD-000068,PROD-010,2,134.52,0.15,228.68
ITEM-000171,ORD-000069,PROD-051,1,87.67,0.0,87.67
ITEM-000172,ORD-000069,PROD-069,2,12.8,0.0,25.6
ITEM-000173,ORD-000070,PROD-052,1,43.45,0.0,43.45
ITEM-000174,ORD-000070,PROD-074,2,20.0,0.05,38.0
ITEM-000175,ORD-000070,PROD-082,1,41.17,0.0,41.17
ITEM-000176,ORD-000071,PROD-053,1,9.53,0.0,9.53
ITEM-000177,ORD-000071,PROD-012,2,49.97,0.0,99.94
ITEM-000178,ORD-000072,PROD-018,1,15.13,0.0,15.13
ITEM-000179,ORD-000072,PROD-035,3,24.57,0.05,70.02
ITEM-000180,ORD-000072,PROD-028,2,20.28,0.0,40.56
ITEM-000181,ORD-000072,PROD-058,1,7.94,0.15,6.75
ITEM-000182,ORD-000073,PROD-086,4,17.38,0.0,69.52
ITEM-000183,ORD-000074,PROD-051,3,93.73,0.0,281.19
ITEM-000184,ORD-000075,PROD-056,4,24.84,0.0,99.36
ITEM-000185,ORD-000075,PROD-068,2,19.27,0.0,38.54
ITEM-000186,ORD-000075,PROD-096,3,24.08,0.0,72.24
ITEM-000187,ORD-000075,PROD-055,1,20.47,0.15,17.4
ITEM-000188,ORD-000075,PROD-093,4,38.29,0.05,145.5
ITEM-000189,ORD-000076,PROD-011,4,90.2,0.0,360.8
ITEM-000190,ORD-000076,PROD-053,4,10.37,0.1,37.33
ITEM-000191,ORD-000077,PROD-081,1,30.47,0.2,24.38
ITEM-000192,ORD-000077,PROD-072,1,20.01,0.0,20.01
ITEM-000193,ORD-000078,PROD-006,1,40.47,0.1,36.42
ITEM-000194,ORD-000079,PROD-007,4,207.2,0.0,828.8
ITEM-000195,ORD-000080,PROD-034,3,86.27,0.15,219.99
ITEM-000196,ORD-000080,PROD-035,4,26.05,0.0,104.2
ITEM-000197,ORD-000081,PROD-082,4,40.24,0.0,160.96
ITEM-000198,ORD-000081,PROD-075,2,14.72,0.0,29.44
ITEM-000199,ORD-000081,PROD-008,2,50.47,0.0,100.94
ITEM-000200,ORD-000082,PROD-088,2,51.88,0.0,103.76
ITEM-000201,ORD-000083,PROD-034,3,94.41,0.1,254.91
ITEM-000202,ORD-000083,PROD-064,1,62.61,0.15,53.22
ITEM-000203,ORD-000083,PROD-001,1,76.15,0.1,68.54
ITEM-000204,ORD-000083,PROD-003,2,29.84,0.1,53.71
ITEM-000205,ORD-000083,PROD-004,2,33.26,0.0,66.52
ITEM-000206,ORD-000084,PROD-079,4,19.88,0.0,79.52
ITEM-000207,ORD-000084,PROD-096,2,22.78,0.0,45.56
ITEM-000208,ORD-000084,PROD-081,4,29.79,0.1,107.24
ITEM-000209,ORD-000084,PROD-044,1,17.68,0.2,14.14
ITEM-000210,ORD-000085,PROD-020,3,38.82,0.0,116.46
ITEM-000211,ORD-000085,PROD-075,2,15.12,0.2,24.19
ITEM-000212,ORD-000085,PROD-022,1,82.84,0.0,82.84
ITEM-000213,ORD-000085,PROD-067,3,43.32,0.0,129.96
ITEM-000214,ORD-000085,PROD-031,4,30.64,0.05,116.43
ITEM-000215,ORD-000086,PROD-076,4,13.18,0.05,50.08
ITEM-000216,ORD-000086,PROD-039,3,25.16,0.0,75.48
ITEM-000217,ORD-000086,PROD-001,3,82.47,0.05,235.04
ITEM-000218,ORD-000087,PROD-085,3,41.46,0.15,105.72
ITEM-000219,ORD-000087,PROD-018,1,14.81,0.1,13.33
ITEM-000220,ORD-000087,PROD-007,3,198.64,0.05,566.12
ITEM-000221,ORD-000087,PROD-054,1,48.26,0.0,48.26
ITEM-000222,ORD-000087,PROD-081,4,29.94,0.0,119.76
ITEM-000223,ORD-000087,PROD-076,1,12.36,0.0,12.36
ITEM-000224,ORD-000087,PROD-053,2,9.65,0.0,19.3
ITEM-000225,ORD-000088,PROD-070,3,23.88,0.0,71.64
ITEM-000226,ORD-000088,PROD-023,2,135.01,0.0,270.02
ITEM-000227,ORD-000088,PROD-031,3,29.48,0.0,88.44
ITEM-000228,ORD-000089,PROD-025,3,31.08,0.0,93.24
ITEM-000229,ORD-000089,PROD-085,1,39.37,0.0,39.37
ITEM-000230,ORD-000090,PROD-043,1,9.99,0.15,8.49
ITEM-000231,ORD-000090,PROD-051,2,87.15,0.2,139.44
ITEM-000232,ORD-000090,PROD-052,4,46.39,0.15,157.73
ITEM-000233,ORD-000090,PROD-071,3,24.95,0.15,63.62
ITEM-000234,ORD-000091,PROD-024,2,39.77,0.0,79.54
ITEM-000235,ORD-000091,PROD-031,1,29.65,0.1,26.68
ITEM-000236,ORD-000092,PROD-005,3,92.62,0.0,277.86
ITEM-000237,ORD-000092,PROD-076,2,13.28,0.15,22.58
ITEM-000238,ORD-000093,PROD-045,2,46.37,0.0,92.74
ITEM-000239,ORD-000093,PROD-080,2,47.71,0.2,76.34
ITEM-000240,ORD-000093,PROD-006,3,41.47,0.15,105.75
ITEM-000241,ORD-000093,PROD-033,1,156.76,0.0,156.76
ITEM-000242,ORD-000094,PROD-001,3,77.75,0.0,233.25
ITEM-000243,ORD-000095,PROD-093,1,38.56,0.0,38.56
ITEM-000244,ORD-000096,PROD-036,3,14.73,0.0,44.19
ITEM-000245,ORD-000097,PROD-061,4,30.36,0.0,121.44
ITEM-000246,ORD-000097,PROD-084,2,29.84,0.0,59.68
ITEM-000247,ORD-000097,PROD-032,4,20.33,0.0,81.32
ITEM-000248,ORD-000097,PROD-029,3,93.46,0.0,280.38
ITEM-000249,ORD-000098,PROD-067,4,45.43,0.1,163.55
ITEM-000250,ORD-000098,PROD-075,2,15.12,0.0,30.24
ITEM-000251,ORD-000099,PROD-007,1,190.59,0.1,171.53
ITEM-000252,ORD-000099,PROD-064,2,58.05,0.0,116.1
ITEM-000253,ORD-000099,PROD-028,2,20.5,0.0,41.0
ITEM-000254,ORD-000100,PROD-094,2,43.65,0.1,78.57
ITEM-000255,ORD-000100,PROD-021,2,47.91,0.0,95.82
ITEM-000256,ORD-000100,PROD-091,1,15.86,0.05,15.07
ITEM-000257,ORD-000101,PROD-088,4,48.55,0.15,165.07
ITEM-000258,ORD-000102,PROD-034,1,88.91,0.0,88.91
ITEM-000259,ORD-000102,PROD-021,3,49.29,0.15,125.69
ITEM-000260,ORD-000102,PROD-034,3,88.16,0.0,264.48
ITEM-000261,ORD-000103,PROD-035,3,24.17,0.2,58.01
ITEM-000262,ORD-000103,PROD-087,2,19.96,0.0,39.92
ITEM-000263,ORD-000103,PROD-006,1,38.37,0.0,38.37
ITEM-000264,ORD-000103,PROD-007,2,209.04,0.0,418.08
ITEM-000265,ORD-000104,PROD-061,3,30.29,0.0,90.87
ITEM-000266,ORD-000105,PROD-059,1,19.85,0.05,18.86
ITEM-000267,ORD-000105,PROD-005,4,87.69,0.0,350.76
ITEM-000268,ORD-000105,PROD-048,3,20.36,0.0,61.08
ITEM-000269,ORD-000106,PROD-007,4,203.39,0.0,813.56
ITEM-000270,ORD-000107,PROD-017,4,20.63,0.1,74.27
ITEM-000271,ORD-000107,PROD-064,3,62.76,0.0,188.28
ITEM-000272,ORD-000107,PROD-057,1,15.3,0.1,13.77
ITEM-000273,ORD-000107,PROD-051,1,93.92,0.15,79.83
ITEM-000274,ORD-000107,PROD-067,3,45.32,0.0,135.96
ITEM-000275,ORD-000107,PROD-085,3,38.66,0.2,92.78
ITEM-000276,ORD-000107,PROD-015,2,58.52,0.05,111.19
ITEM-000277,ORD-000107,PROD-043,4,10.29,0.0,41.16
ITEM-000278,ORD-000108,PROD-003,4,30.02,0.0,120.08
ITEM-000279,ORD-000109,PROD-009,3,57.5,0.0,172.5
ITEM-000280,ORD-000109,PROD-058,1,7.95,0.1,7.16
ITEM-000281,ORD-000109,PROD-020,2,39.85,0.0,79.7
ITEM-000282,ORD-000110,PROD-002,4,12.55,0.0,50.2
ITEM-000283,ORD-000111,PROD-098,4,9.74,0.0,38.96
ITEM-000284,ORD-000112,PROD-065,3,25.44,0.1,68.69
ITEM-000285,ORD-000112,PROD-094,2,46.31,0.0,92.62
ITEM-000286,ORD-000112,PROD-037,3,204.08,0.0,612.24
ITEM-000287,ORD-000112,PROD-096,1,23.58,0.2,18.86
ITEM-000288,ORD-000113,PROD-028,4,19.44,0.0,77.76
ITEM-000289,ORD-000114,PROD-052,3,43.74,0.0,131.22
ITEM-000290,ORD-000114,PROD-062,4,19.04,0.0,76.16
ITEM-000291,ORD-000114,PROD-070,1,23.13,0.0,23.13
ITEM-000292,ORD-000115,PROD-014,1,147.18,0.0,147.18
ITEM-000293,ORD-000115,PROD-002,1,12.37,0.0,12.37
ITEM-000294,ORD-000115,PROD-028,1,20.32,0.1,18.29
ITEM-000295,ORD-000116,PROD-063,3,47.8,0.0,143.4
ITEM-000296,ORD-000116,PROD-087,4,19.77,0.0,79.08
ITEM-000297,ORD-000116,PROD-056,1,24.44,0.05,23.22
ITEM-000298,ORD-000117,PROD-055,1,19.53,0.0,19.53
ITEM-000299,ORD-000117,PROD-072,3,20.86,0.0,62.58
ITEM-000300,ORD-000117,PROD-037,2,199.51,0.0,399.02
ITEM-000301,ORD-000117,PROD-054,3,49.56,0.0,148.68
ITEM-000302,ORD-000118,PROD-076,2,13.23,0.15,22.49
ITEM-000303,ORD-000118,PROD-079,3,20.3,0.0,60.9
ITEM-000304,ORD-000118,PROD-044,3,17.77,0.15,45.31
ITEM-000305,ORD-000119,PROD-051,4,87.99,0.0,351.96
ITEM-000306,ORD-000119,PROD-053,2,9.88,0.0,19.76
ITEM-000307,ORD-000119,PROD-042,2,48.59,0.1,87.46
ITEM-000308,ORD-000120,PROD-002,4,12.38,0.05,47.04
ITEM-000309,ORD-000120,PROD-047,1,17.71,0.2,14.17
ITEM-000310,ORD-000121,PROD-017,1,19.92,0.0,19.92
ITEM-000311,ORD-000121,PROD-062,1,19.4,0.0,19.4
ITEM-000312,ORD-000122,PROD-021,1,52.25,0.0,52.25
ITEM-000313,ORD-000122,PROD-001,2,79.34,0.05,150.75
ITEM-000314,ORD-000123,PROD-058,2,8.33,0.0,16.66
ITEM-000315,ORD-000123,PROD-098,4,9.63,0.0,38.52
ITEM-000316,ORD-000123,PROD-009,3,60.09,0.0,180.27
ITEM-000317,ORD-000123,PROD-085,4,41.69,0.0,166.76
ITEM-000318,ORD-000124,PROD-055,3,19.28,0.1,52.06
ITEM-000319,ORD-000124,PROD-020,1,40.81,0.0,40.81
ITEM-000320,ORD-000125,PROD-016,4,44.48,0.0,177.92
ITEM-000321,ORD-000125,PROD-051,2,88.23,0.0,176.46
ITEM-000322,ORD-000125,PROD-003,3,30.12,0.0,90.36
ITEM-000323,ORD-000125,PROD-047,3,17.86,0.0,53.58
ITEM-000324,ORD-000125,PROD-081,1,31.09,0.0,31.09
ITEM-000325,ORD-000126,PROD-035,1,24.09,0.15,20.48
ITEM-000326,ORD-000126,PROD-074,4,20.05,0.0,80.2
ITEM-000327,ORD-000126,PROD-083,3,18.01,0.0,54.03
ITEM-000328,ORD-000127,PROD-029,4,89.97,0.0,359.88
ITEM-000329,ORD-000127,PROD-065,4,23.92,0.0,95.68
ITEM-000330,ORD-000128,PROD-022,3,77.67,0.0,233.01
ITEM-000331,ORD-000128,PROD-088,4,51.87,0.0,207.48
ITEM-000332,ORD-000129,PROD-005,3,94.01,0.0,282.03
ITEM-000333,ORD-000129,PROD-059,2,19.78,0.0,39.56
ITEM-000334,ORD-000129,PROD-020,1,38.51,0.05,36.58
ITEM-000335,ORD-000129,PROD-098,4,9.76,0.0,39.04
ITEM-000336,ORD-000130,PROD-066,1,34.75,0.0,34.75
ITEM-000337,ORD-000131,PROD-015,1,57.45,0.0,57.45
ITEM-000338,ORD-000131,PROD-071,1,23.88,0.0,23.88
ITEM-000339,ORD-000132,PROD-014,2,151.21,0.0,302.42
ITEM-000340,ORD-000132,PROD-059,1,19.73,0.0,19.73
ITEM-000341,ORD-000133,PROD-008,1,48.68,0.0,48.68
ITEM-000342,ORD-000133,PROD-072,4,19.18,0.0,76.72
ITEM-000343,ORD-000133,PROD-008,1,49.19,0.0,49.19
ITEM-000344,ORD-000133,PROD-084,2,30.64,0.0,61.28
ITEM-000345,ORD-000133,PROD-033,2,155.27,0.0,310.54
ITEM-000346,ORD-000134,PROD-079,1,19.31,0.0,19.31
ITEM-000347,ORD-000134,PROD-016,4,43.93,0.0,175.72
ITEM-000348,ORD-000135,PROD-043,3,10.04,0.0,30.12
ITEM-000349,ORD-000136,PROD-025,4,30.65,0.0,122.6
ITEM-000350,ORD-000137,PROD-043,4,10.29,0.0,41.16
ITEM-000351,ORD-000138,PROD-094,1,43.3,0.0,43.3
ITEM-000352,ORD-000138,PROD-077,4,17.65,0.15,60.01
ITEM-000353,ORD-000138,PROD-064,1,59.26,0.1,53.33
ITEM-000354,ORD-000138,PROD-021,3,49.7,0.1,134.19
ITEM-000355,ORD-000138,PROD-055,3,19.26,0.2,46.22
ITEM-000356,ORD-000139,PROD-034,1,88.79,0.05,84.35
ITEM-000357,ORD-000139,PROD-027,1,261.23,0.05,248.17
ITEM-000358,ORD-000140,PROD-031,2,30.89,0.2,49.42
ITEM-000359,ORD-000140,PROD-095,4,12.23,0.0,48.92
ITEM-000360,ORD-000140,PROD-012,1,50.42,0.0,50.42
ITEM-000361,ORD-000140,PROD-040,3,20.57,0.0,61.71
ITEM-000362,ORD-000141,PROD-040,2,19.34,0.0,38.68
ITEM-000363,ORD-000141,PROD-065,1,24.76,0.0,24.76
ITEM-000364,ORD-000141,PROD-060,3,35.25,0.0,105.75
ITEM-000365,ORD-000142,PROD-016,3,44.13,0.0,132.39
ITEM-000366,ORD-000142,PROD-030,3,36.47,0.0,109.41
ITEM-000367,ORD-000143,PROD-054,2,48.38,0.0,96.76
ITEM-000368,ORD-000144,PROD-020,3,40.48,0.0,121.44
ITEM-000369,ORD-000144,PROD-032,3,20.8,0.0,62.4
ITEM-000370,ORD-000144,PROD-022,2,81.26,0.0,162.52
ITEM-000371,ORD-000145,PROD-056,3,25.56,0.0,76.68
ITEM-000372,ORD-000145,PROD-096,4,23.03,0.0,92.12
ITEM-000373,ORD-000146,PROD-032,4,19.63,0.0,78.52
ITEM-000374,ORD-000146,PROD-086,2,18.8,0.0,37.6
ITEM-000375,ORD-000146,PROD-059,4,20.76,0.0,83.04
ITEM-000376,ORD-000146,PROD-036,2,15.73,0.0,31.46
ITEM-000377,ORD-000147,PROD-016,1,45.0,0.0,45.0
ITEM-000378,ORD-000147,PROD-015,4,61.25,0.0,245.0
ITEM-000379,ORD-000147,PROD-051,4,89.0,0.0,356.0
ITEM-000380,ORD-000147,PROD-015,3,57.19,0.0,171.57
ITEM-000381,ORD-000147,PROD-051,2,89.76,0.0,179.52
ITEM-000382,ORD-000147,PROD-035,2,23.82,0.0,47.64
ITEM-000383,ORD-000148,PROD-069,3,12.91,0.0,38.73
ITEM-000384,ORD-000148,PROD-049,2,60.48,0.0,120.96
ITEM-000385,ORD-000149,PROD-001,1,79.6,0.0,79.6
ITEM-000386,ORD-000150,PROD-017,1,19.03,0.2,15.22
ITEM-000387,ORD-000150,PROD-064,2,60.21,0.0,120.42
ITEM-000388,ORD-000150,PROD-004,2,36.61,0.0,73.22
ITEM-000389,ORD-000151,PROD-070,3,23.91,0.0,71.73
ITEM-000390,ORD-000151,PROD-056,3,24.06,0.15,61.35
ITEM-000391,ORD-000151,PROD-098,3,9.97,0.0,29.91
ITEM-000392,ORD-000151,PROD-093,4,41.22,0.0,164.88
ITEM-000393,ORD-000152,PROD-011,1,89.93,0.0,89.93
ITEM-000394,ORD-000153,PROD-093,4,38.69,0.0,154.76
ITEM-000395,ORD-000153,PROD-012,1,48.52,0.1,43.67
ITEM-000396,ORD-000153,PROD-010,1,124.87,0.0,124.87
ITEM-000397,ORD-000153,PROD-088,4,51.22,0.1,184.39
ITEM-000398,ORD-000154,PROD-054,2,48.5,0.1,87.3
ITEM-000399,ORD-000155,PROD-070,3,22.27,0.0,66.81
ITEM-000400,ORD-000155,PROD-056,3,23.92,0.0,71.76
ITEM-000401,ORD-000156,PROD-097,2,26.05,0.1,46.89
ITEM-000402,ORD-000156,PROD-074,1,20.74,0.05,19.7
ITEM-000403,ORD-000157,PROD-060,4,33.36,0.0,133.44
ITEM-000404,ORD-000157,PROD-074,3,20.54,0.05,58.54
ITEM-000405,ORD-000158,PROD-007,2,207.35,0.0,414.7
ITEM-000406,ORD-000159,PROD-042,1,48.47,0.0,48.47
ITEM-000407,ORD-000159,PROD-027,4,246.0,0.0,984.0
ITEM-000408,ORD-000159,PROD-046,1,18.4,0.0,18.4
ITEM-000409,ORD-000159,PROD-085,3,41.37,0.05,117.9
ITEM-000410,ORD-000159,PROD-031,1,28.58,0.0,28.58
ITEM-000411,ORD-000160,PROD-047,3,18.01,0.0,54.03
ITEM-000412,ORD-000160,PROD-051,2,92.83,0.0,185.66
ITEM-000413,ORD-000160,PROD-081,4,30.76,0.0,123.04
ITEM-000414,ORD-000160,PROD-092,4,14.96,0.0,59.84
ITEM-000415,ORD-000161,PROD-080,2,51.77,0.15,88.01
ITEM-000416,ORD-000161,PROD-051,2,91.79,0.2,146.86
ITEM-000417,ORD-000162,PROD-001,4,77.24,0.15,262.62
ITEM-000418,ORD-000162,PROD-005,4,87.44,0.0,349.76
ITEM-000419,ORD-000163,PROD-099,1,19.12,0.0,19.12
ITEM-000420,ORD-000164,PROD-099,2,19.93,0.05,37.87
ITEM-000421,ORD-000164,PROD-053,2,10.49,0.0,20.98
ITEM-000422,ORD-000164,PROD-030,1,33.28,0.0,33.28
ITEM-000423,ORD-000164,PROD-069,1,13.06,0.0,13.06
ITEM-000424,ORD-000165,PROD-078,2,23.27,0.2,37.23
ITEM-000425,ORD-000165,PROD-082,1,41.14,0.15,34.97
ITEM-000426,ORD-000165,PROD-028,3,19.78,0.1,53.41
ITEM-000427,ORD-000165,PROD-001,1,80.4,0.0,80.4
ITEM-000428,ORD-000166,PROD-081,1,30.14,0.0,30.14
ITEM-000429,ORD-000167,PROD-006,4,38.26,0.0,153.04
ITEM-000430,ORD-000167,PROD-065,3,25.84,0.0,77.52
ITEM-000431,ORD-000167,PROD-094,4,42.82,0.0,171.28
ITEM-000432,ORD-000168,PROD-002,1,13.08,0.0,13.08
ITEM-000433,ORD-000168,PROD-013,2,25.57,0.2,40.91
ITEM-000434,ORD-000169,PROD-099,2,19.09,0.15,32.45
ITEM-000435,ORD-000169,PROD-007,4,203.82,0.2,652.22
ITEM-000436,ORD-000169,PROD-069,3,12.75,0.0,38.25
ITEM-000437,ORD-000169,PROD-065,3,25.59,0.0,76.77
ITEM-000438,ORD-000170,PROD-039,3,24.11,0.0,72.33
ITEM-000439,ORD-000170,PROD-048,4,19.56,0.0,78.24
ITEM-000440,ORD-000170,PROD-078,1,23.02,0.0,23.02
ITEM-000441,ORD-000170,PROD-059,1,20.17,0.0,20.17
ITEM-000442,ORD-000171,PROD-095,2,11.66,0.0,23.32
ITEM-000443,ORD-000171,PROD-052,2,46.53,0.0,93.06
ITEM-000444,ORD-000171,PROD-077,4,17.64,0.0,70.56
ITEM-000445,ORD-000172,PROD-016,1,45.68,0.0,45.68
ITEM-000446,ORD-000172,PROD-027,3,248.47,0.0,745.41
ITEM-000447,ORD-000172,PROD-052,2,46.14,0.0,92.28
ITEM-000448,ORD-000173,PROD-060,2,35.32,0.0,70.64
ITEM-000449,ORD-000173,PROD-028,4,19.74,0.0,78.96
ITEM-000450,ORD-000173,PROD-077,4,17.38,0.0,69.52
ITEM-000451,ORD-000174,PROD-037,1,204.84,0.0,204.84
ITEM-000452,ORD-000175,PROD-029,3,88.23,0.0,264.69
ITEM-000453,ORD-000175,PROD-001,1,80.9,0.0,80.9
ITEM-000454,ORD-000175,PROD-068,1,20.17,0.0,20.17
ITEM-000455,ORD-000176,PROD-038,2,58.41,0.0,116.82
ITEM-000456,ORD-000177,PROD-001,2,77.88,0.0,155.76
ITEM-000457,ORD-000177,PROD-057,2,14.69,0.0,29.38
ITEM-000458,ORD-000177,PROD-080,1,49.06,0.15,41.7
ITEM-000459,ORD-000177,PROD-083,3,18.73,0.0,56.19
ITEM-000460,ORD-000178,PROD-073,4,36.65,0.0,146.6
ITEM-000461,ORD-000178,PROD-003,3,30.47,0.0,91.41
ITEM-000462,ORD-000178,PROD-013,3,24.58,0.05,70.05
ITEM-000463,ORD-000179,PROD-015,3,61.94,0.0,185.82
ITEM-000464,ORD-000180,PROD-086,1,18.28,0.2,14.62
ITEM-000465,ORD-000180,PROD-015,4,58.4,0.0,233.6
ITEM-000466,ORD-000180,PROD-059,4,19.55,0.0,78.2
ITEM-000467,ORD-000181,PROD-065,1,24.98,0.0,24.98
ITEM-000468,ORD-000182,PROD-088,2,48.7,0.15,82.79
ITEM-000469,ORD-000182,PROD-063,2,48.89,0.1,88.0
ITEM-000470,ORD-000182,PROD-087,4,19.21,0.0,76.84
ITEM-000471,ORD-000182,PROD-079,4,20.06,0.0,80.24
ITEM-000472,ORD-000183,PROD-002,2,12.98,0.0,25.96
ITEM-000473,ORD-000183,PROD-036,4,15.4,0.0,61.6
ITEM-000474,ORD-000183,PROD-099,1,19.9,0.1,17.91
ITEM-000475,ORD-000184,PROD-062,4,19.79,0.0,79.16
ITEM-000476,ORD-000185,PROD-075,4,15.01,0.15,51.03
ITEM-000477,ORD-000185,PROD-059,3,19.23,0.0,57.69
ITEM-000478,ORD-000186,PROD-062,3,19.48,0.0,58.44
ITEM-000479,ORD-000186,PROD-076,4,12.88,0.1,46.37
ITEM-000480,ORD-000187,PROD-099,2,20.3,0.15,34.51
ITEM-000481,ORD-000187,PROD-055,2,20.0,0.0,40.0
ITEM-000482,ORD-000187,PROD-067,1,45.74,0.0,45.74
ITEM-000483,ORD-000187,PROD-077,4,17.34,0.0,69.36
ITEM-000484,ORD-000187,PROD-064,2,57.28,0.0,114.56
ITEM-000485,ORD-000188,PROD-003,1,29.25,0.05,27.79
ITEM-000486,ORD-000188,PROD-070,1,22.49,0.0,22.49
ITEM-000487,ORD-000188,PROD-098,1,10.17,0.0,10.17
ITEM-000488,ORD-000189,PROD-040,4,20.97,0.0,83.88
ITEM-000489,ORD-000189,PROD-003,4,29.31,0.1,105.52
ITEM-000490,ORD-000189,PROD-037,3,193.2,0.0,579.6
ITEM-000491,ORD-000189,PROD-070,1,23.58,0.0,23.58
ITEM-000492,ORD-000190,PROD-070,2,22.28,0.1,40.1
ITEM-000493,ORD-000190,PROD-037,4,191.57,0.0,766.28
ITEM-000494,ORD-000190,PROD-044,3,16.27,0.05,46.37
ITEM-000495,ORD-000190,PROD-085,4,41.15,0.15,139.91
ITEM-000496,ORD-000191,PROD-087,1,20.95,0.15,17.81
ITEM-000497,ORD-000191,PROD-050,2,18.39,0.15,31.26
ITEM-000498,ORD-000191,PROD-097,2,26.71,0.0,53.42
ITEM-000499,ORD-000191,PROD-073,3,36.47,0.0,109.41
ITEM-000500,ORD-000191,PROD-004,4,35.52,0.0,142.08
ITEM-000501,ORD-000191,PROD-021,3,49.1,0.2,117.84
ITEM-000502,ORD-000191,PROD-040,4,19.43,0.05,73.83
ITEM-000503,ORD-000192,PROD-011,2,86.71,0.0,173.42
ITEM-000504,ORD-000192,PROD-081,3,29.83,0.0,89.49
ITEM-000505,ORD-000192,PROD-032,3,19.42,0.0,58.26
ITEM-000506,ORD-000192,PROD-055,4,20.27,0.2,64.86
ITEM-000507,ORD-000193,PROD-090,4,28.97,0.0,115.88
ITEM-000508,ORD-000194,PROD-037,2,198.93,0.0,397.86
ITEM-000509,ORD-000195,PROD-033,2,152.84,0.0,305.68
ITEM-000510,ORD-000195,PROD-085,1,38.87,0.0,38.87
ITEM-000511,ORD-000196,PROD-020,2,39.89,0.0,79.78
ITEM-000512,ORD-000197,PROD-075,2,15.51,0.0,31.02
ITEM-000513,ORD-000197,PROD-031,4,28.87,0.05,109.71
ITEM-000514,ORD-000197,PROD-085,1,39.66,0.1,35.69
ITEM-000515,ORD-000198,PROD-087,1,20.36,0.1,18.32
ITEM-000516,ORD-000198,PROD-045,4,44.79,0.0,179.16
ITEM-000517,ORD-000199,PROD-009,3,58.63,0.0,175.89
ITEM-000518,ORD-000199,PROD-039,4,24.51,0.0,98.04
ITEM-000519,ORD-000199,PROD-087,1,19.55,0.0,19.55
ITEM-000520,ORD-000200,PROD-041,1,38.3,0.1,34.47
ITEM-000521,ORD-000201,PROD-087,2,20.51,0.05,38.97
ITEM-000522,ORD-000202,PROD-042,3,49.85,0.05,142.07
ITEM-000523,ORD-000202,PROD-085,1,40.9,0.1,36.81
ITEM-000524,ORD-000202,PROD-077,4,17.81,0.0,71.24
ITEM-000525,ORD-000203,PROD-067,4,44.74,0.0,178.96
ITEM-000526,ORD-000203,PROD-048,2,19.74,0.0,39.48
ITEM-000527,ORD-000203,PROD-097,4,26.44,0.0,105.76
ITEM-000528,ORD-000204,PROD-008,2,51.46,0.0,102.92
ITEM-000529,ORD-000205,PROD-025,1,30.26,0.0,30.26
ITEM-000530,ORD-000205,PROD-085,2,38.58,0.0,77.16
ITEM-000531,ORD-000205,PROD-035,3,25.1,0.0,75.3
ITEM-000532,ORD-000206,PROD-076,2,13.39,0.0,26.78
ITEM-000533,ORD-000207,PROD-026,4,24.6,0.0,98.4
ITEM-000534,ORD-000207,PROD-040,1,20.81,0.0,20.81
ITEM-000535,ORD-000208,PROD-074,2,19.25,0.0,38.5
ITEM-000536,ORD-000209,PROD-046,4,18.58,0.0,74.32
ITEM-000537,ORD-000210,PROD-008,3,49.71,0.0,149.13
ITEM-000538,ORD-000211,PROD-025,1,29.58,0.0,29.58
ITEM-000539,ORD-000211,PROD-053,1,10.41,0.0,10.41
ITEM-000540,ORD-000212,PROD-091,4,15.99,0.0,63.96
ITEM-000541,ORD-000212,PROD-093,4,41.68,0.0,166.72
ITEM-000542,ORD-000213,PROD-009,3,58.28,0.05,166.1
ITEM-000543,ORD-000213,PROD-057,2,15.21,0.0,30.42
ITEM-000544,ORD-000214,PROD-002,2,12.35,0.1,22.23
ITEM-000545,ORD-000215,PROD-008,4,48.87,0.0,195.48
ITEM-000546,ORD-000216,PROD-071,4,24.97,0.0,99.88
ITEM-000547,ORD-000216,PROD-075,4,14.65,0.2,46.88
ITEM-000548,ORD-000216,PROD-035,1,24.53,0.0,24.53
ITEM-000549,ORD-000216,PROD-014,2,145.3,0.0,290.6
ITEM-000550,ORD-000216,PROD-014,3,155.13,0.1,418.85
ITEM-000551,ORD-000216,PROD-068,1,19.86,0.0,19.86
ITEM-000552,ORD-000217,PROD-032,2,20.62,0.2,32.99
ITEM-000553,ORD-000218,PROD-073,4,35.62,0.0,142.48
ITEM-000554,ORD-000218,PROD-018,3,15.65,0.0,46.95
ITEM-000555,ORD-000218,PROD-052,1,42.81,0.0,42.81
ITEM-000556,ORD-000219,PROD-047,2,17.83,0.0,35.66
ITEM-000557,ORD-000219,PROD-066,4,33.87,0.0,135.48
ITEM-000558,ORD-000219,PROD-038,4,61.71,0.15,209.81
ITEM-000559,ORD-000219,PROD-070,1,23.21,0.0,23.21
ITEM-000560,ORD-000220,PROD-040,1,19.3,0.15,16.41
ITEM-000561,ORD-000220,PROD-002,3,12.89,0.0,38.67
ITEM-000562,ORD-000220,PROD-082,2,39.71,0.0,79.42
ITEM-000563,ORD-000220,PROD-013,3,24.49,0.0,73.47
ITEM-000564,ORD-000221,PROD-004,1,35.8,0.1,32.22
ITEM-000565,ORD-000221,PROD-020,4,38.49,0.0,153.96
ITEM-000566,ORD-000222,PROD-055,3,20.76,0.0,62.28
ITEM-000567,ORD-000222,PROD-028,2,20.54,0.15,34.92
ITEM-000568,ORD-000222,PROD-080,3,48.07,0.0,144.21
ITEM-000569,ORD-000223,PROD-030,2,34.1,0.0,68.2
ITEM-000570,ORD-000223,PROD-035,3,25.2,0.05,71.82
ITEM-000571,ORD-000224,PROD-052,4,43.41,0.0,173.64
ITEM-000572,ORD-000224,PROD-088,2,50.5,0.0,101.0
ITEM-000573,ORD-000224,PROD-036,1,15.53,0.15,13.2
ITEM-000574,ORD-000225,PROD-084,2,31.49,0.0,62.98
ITEM-000575,ORD-000226,PROD-023,3,129.74,0.0,389.22
ITEM-000576,ORD-000226,PROD-068,1,20.0,0.0,20.0
ITEM-000577,ORD-000227,PROD-088,4,51.04,0.0,204.16
ITEM-000578,ORD-000227,PROD-088,3,51.89,0.0,155.67
ITEM-000579,ORD-000227,PROD-087,2,20.35,0.0,40.7
ITEM-000580,ORD-000228,PROD-004,2,36.53,0.15,62.1
ITEM-000581,ORD-000229,PROD-033,3,155.69,0.0,467.07
ITEM-000582,ORD-000229,PROD-066,4,34.43,0.0,137.72
ITEM-000583,ORD-000229,PROD-016,2,44.92,0.05,85.35
ITEM-000584,ORD-000229,PROD-073,3,34.24,0.1,92.45
ITEM-000585,ORD-000229,PROD-028,3,20.25,0.1,54.68
ITEM-000586,ORD-000230,PROD-078,4,23.51,0.0,94.04
ITEM-000587,ORD-000230,PROD-037,2,193.75,0.15,329.38
ITEM-000588,ORD-000231,PROD-025,3,31.44,0.2,75.46
ITEM-000589,ORD-000232,PROD-053,3,10.47,0.0,31.41
ITEM-000590,ORD-000232,PROD-029,2,87.62,0.15,148.95
ITEM-000591,ORD-000232,PROD-074,1,19.48,0.0,19.48
ITEM-000592,ORD-000232,PROD-062,1,20.42,0.0,20.42
ITEM-000593,ORD-000232,PROD-024,1,38.63,0.0,38.63
ITEM-000594,ORD-000233,PROD-034,1,88.82,0.0,88.82
ITEM-000595,ORD-000234,PROD-032,3,20.23,0.0,60.69
ITEM-000596,ORD-000235,PROD-017,2,20.74,0.2,33.18
ITEM-000597,ORD-000236,PROD-058,4,8.32,0.0,33.28
ITEM-000598,ORD-000236,PROD-077,4,17.49,0.0,69.96
ITEM-000599,ORD-000237,PROD-031,3,29.49,0.0,88.47
ITEM-000600,ORD-000238,PROD-045,2,46.59,0.05,88.52
ITEM-000601,ORD-000238,PROD-001,3,78.83,0.0,236.49
ITEM-000602,ORD-000239,PROD-095,2,11.81,0.0,23.62
ITEM-000603,ORD-000240,PROD-061,3,29.81,0.1,80.49
ITEM-000604,ORD-000240,PROD-093,4,40.59,0.05,154.24
ITEM-000605,ORD-000240,PROD-005,1,89.12,0.0,89.12
ITEM-000606,ORD-000241,PROD-075,4,14.68,0.0,58.72
ITEM-000607,ORD-000241,PROD-020,2,39.94,0.0,79.88
ITEM-000608,ORD-000242,PROD-079,1,19.04,0.0,19.04
ITEM-000609,ORD-000242,PROD-044,1,17.59,0.0,17.59
ITEM-000610,ORD-000242,PROD-043,2,10.01,0.0,20.02
ITEM-000611,ORD-000242,PROD-032,2,19.39,0.15,32.96
ITEM-000612,ORD-000242,PROD-073,3,33.91,0.15,86.47
ITEM-000613,ORD-000242,PROD-059,1,20.52,0.0,20.52
ITEM-000614,ORD-000243,PROD-055,2,19.48,0.0,38.96
ITEM-000615,ORD-000244,PROD-099,4,19.44,0.15,66.1
ITEM-000616,ORD-000244,PROD-064,2,60.34,0.1,108.61
ITEM-000617,ORD-000245,PROD-012,3,47.77,0.0,143.31
ITEM-000618,ORD-000245,PROD-097,4,26.08,0.0,104.32
ITEM-000619,ORD-000245,PROD-060,1,33.75,0.2,27.0
ITEM-000620,ORD-000246,PROD-024,2,39.36,0.0,78.72
ITEM-000621,ORD-000246,PROD-050,2,19.0,0.0,38.0
ITEM-000622,ORD-000246,PROD-038,4,58.33,0.0,233.32
ITEM-000623,ORD-000247,PROD-049,4,61.29,0.0,245.16
ITEM-000624,ORD-000248,PROD-085,3,39.64,0.1,107.03
ITEM-000625,ORD-000248,PROD-093,3,39.66,0.2,95.18
ITEM-000626,ORD-000249,PROD-045,4,45.24,0.0,180.96
ITEM-000627,ORD-000249,PROD-037,3,202.86,0.0,608.58
ITEM-000628,ORD-000249,PROD-012,4,51.8,0.0,207.2
ITEM-000629,ORD-000250,PROD-056,3,25.28,0.1,68.26
ITEM-000630,ORD-000251,PROD-082,2,40.03,0.05,76.06
ITEM-000631,ORD-000252,PROD-083,4,17.3,0.0,69.2
ITEM-000632,ORD-000252,PROD-034,4,90.9,0.1,327.24
ITEM-000633,ORD-000253,PROD-076,3,13.0,0.0,39.0
ITEM-000634,ORD-000254,PROD-079,3,19.07,0.0,57.21
ITEM-000635,ORD-000254,PROD-055,4,19.42,0.2,62.14
ITEM-000636,ORD-000255,PROD-066,2,34.91,0.15,59.35
ITEM-000637,ORD-000255,PROD-022,3,79.99,0.0,239.97
ITEM-000638,ORD-000256,PROD-085,1,41.36,0.05,39.29
ITEM-000639,ORD-000257,PROD-062,4,20.78,0.0,83.12
ITEM-000640,ORD-000257,PROD-032,4,20.78,0.0,83.12
ITEM-000641,ORD-000257,PROD-083,1,18.28,0.0,18.28
ITEM-000642,ORD-000258,PROD-036,3,14.73,0.0,44.19
ITEM-000643,ORD-000258,PROD-001,1,79.63,0.0,79.63
ITEM-000644,ORD-000259,PROD-061,3,29.59,0.0,88.77
ITEM-000645,ORD-000259,PROD-065,3,24.05,0.15,61.33
ITEM-000646,ORD-000259,PROD-031,2,30.64,0.15,52.09
ITEM-000647,ORD-000260,PROD-062,4,19.34,0.0,77.36
ITEM-000648,ORD-000261,PROD-002,3,13.03,0.0,39.09
ITEM-000649,ORD-000262,PROD-066,2,35.6,0.0,71.2
ITEM-000650,ORD-000263,PROD-073,3,36.37,0.0,109.11
ITEM-000651,ORD-000264,PROD-057,3,15.56,0.0,46.68
ITEM-000652,ORD-000264,PROD-017,4,19.88,0.0,79.52
ITEM-000653,ORD-000265,PROD-035,2,24.89,0.0,49.78
ITEM-000654,ORD-000265,PROD-083,4,17.13,0.0,68.52
ITEM-000655,ORD-000265,PROD-017,1,20.85,0.0,20.85
ITEM-000656,ORD-000266,PROD-090,2,27.28,0.0,54.56
ITEM-000657,ORD-000267,PROD-096,1,22.51,0.0,22.51
ITEM-000658,ORD-000267,PROD-061,2,28.8,0.0,57.6
ITEM-000659,ORD-000267,PROD-004,2,33.59,0.0,67.18
ITEM-000660,ORD-000268,PROD-006,1,38.76,0.0,38.76
ITEM-000661,ORD-000268,PROD-001,1,82.39,0.15,70.03
ITEM-000662,ORD-000269,PROD-073,1,34.77,0.0,34.77
ITEM-000663,ORD-000269,PROD-019,3,53.0,0.2,127.2
ITEM-000664,ORD-000269,PROD-040,2,19.6,0.15,33.32
ITEM-000665,ORD-000270,PROD-026,1,25.79,0.0,25.79
ITEM-000666,ORD-000270,PROD-055,2,19.11,0.0,38.22
ITEM-000667,ORD-000270,PROD-011,2,92.73,0.1,166.91
ITEM-000668,ORD-000271,PROD-099,4,19.3,0.15,65.62
ITEM-000669,ORD-000271,PROD-065,2,24.66,0.0,49.32
ITEM-000670,ORD-000271,PROD-033,4,147.41,0.15,501.19
ITEM-000671,ORD-000271,PROD-058,1,8.32,0.0,8.32
ITEM-000672,ORD-000272,PROD-074,2,20.96,0.0,41.92
ITEM-000673,ORD-000272,PROD-018,2,14.54,0.1,26.17
ITEM-000674,ORD-000272,PROD-057,1,15.42,0.0,15.42
ITEM-000675,ORD-000272,PROD-073,3,34.32,0.0,102.96
ITEM-000676,ORD-000272,PROD-076,3,12.77,0.0,38.31
ITEM-000677,ORD-000272,PROD-095,2,12.42,0.0,24.84
ITEM-000678,ORD-000272,PROD-033,3,153.93,0.2,369.43
ITEM-000679,ORD-000273,PROD-058,1,8.03,0.0,8.03
ITEM-000680,ORD-000273,PROD-083,3,18.4,0.0,55.2
ITEM-000681,ORD-000274,PROD-034,1,91.18,0.2,72.94
ITEM-000682,ORD-000275,PROD-095,2,11.9,0.2,19.04
ITEM-000683,ORD-000276,PROD-025,2,28.61,0.0,57.22
ITEM-000684,ORD-000276,PROD-014,4,148.59,0.1,534.92
ITEM-000685,ORD-000277,PROD-033,2,155.45,0.0,310.9
ITEM-000686,ORD-000278,PROD-092,3,15.62,0.1,42.17
ITEM-000687,ORD-000279,PROD-044,2,16.75,0.1,30.15
ITEM-000688,ORD-000279,PROD-045,3,45.87,0.0,137.61
ITEM-000689,ORD-000279,PROD-016,1,46.47,0.0,46.47
ITEM-000690,ORD-000280,PROD-061,4,30.24,0.15,102.82
ITEM-000691,ORD-000281,PROD-030,4,35.77,0.05,135.93
ITEM-000692,ORD-000282,PROD-063,3,52.13,0.0,156.39
ITEM-000693,ORD-000282,PROD-065,3,24.78,0.0,74.34
ITEM-000694,ORD-000282,PROD-078,2,23.72,0.0,47.44
ITEM-000695,ORD-000282,PROD-090,4,26.81,0.0,107.24
ITEM-000696,ORD-000283,PROD-060,1,35.33,0.0,35.33
ITEM-000697,ORD-000283,PROD-015,2,61.08,0.0,122.16
ITEM-000698,ORD-000283,PROD-049,1,61.32,0.0,61.32
ITEM-000699,ORD-000283,PROD-099,1,20.65,0.0,20.65
ITEM-000700,ORD-000283,PROD-082,4,40.78,0.1,146.81
ITEM-000701,ORD-000283,PROD-003,2,29.06,0.0,58.12
ITEM-000702,ORD-000284,PROD-020,1,39.81,0.0,39.81
ITEM-000703,ORD-000285,PROD-093,2,39.29,0.0,78.58
ITEM-000704,ORD-000285,PROD-062,3,19.07,0.0,57.21
ITEM-000705,ORD-000285,PROD-041,3,38.8,0.0,116.4
ITEM-000706,ORD-000285,PROD-031,2,28.93,0.0,57.86
ITEM-000707,ORD-000286,PROD-055,1,20.63,0.15,17.54
ITEM-000708,ORD-000286,PROD-075,2,15.4,0.05,29.26
ITEM-000709,ORD-000287,PROD-033,1,156.89,0.0,156.89
ITEM-000710,ORD-000287,PROD-034,1,88.67,0.2,70.94
ITEM-000711,ORD-000288,PROD-039,4,25.35,0.2,81.12
ITEM-000712,ORD-000288,PROD-092,4,15.47,0.0,61.88
ITEM-000713,ORD-000289,PROD-092,2,15.34,0.0,30.68
ITEM-000714,ORD-000289,PROD-032,2,20.65,0.0,41.3
ITEM-000715,ORD-000289,PROD-043,4,10.43,0.0,41.72
ITEM-000716,ORD-000290,PROD-028,2,20.64,0.0,41.28
ITEM-000717,ORD-000290,PROD-096,2,23.08,0.0,46.16
ITEM-000718,ORD-000290,PROD-048,2,19.0,0.0,38.0
ITEM-000719,ORD-000291,PROD-057,2,15.21,0.0,30.42
ITEM-000720,ORD-000291,PROD-018,3,14.34,0.05,40.87
ITEM-000721,ORD-000291,PROD-018,1,14.41,0.0,14.41
ITEM-000722,ORD-000292,PROD-032,4,20.58,0.0,82.32
ITEM-000723,ORD-000293,PROD-014,3,151.98,0.0,455.94
ITEM-000724,ORD-000294,PROD-092,2,15.1,0.0,30.2
ITEM-000725,ORD-000294,PROD-021,4,47.62,0.0,190.48
ITEM-000726,ORD-000294,PROD-010,1,128.04,0.2,102.43
ITEM-000727,ORD-000295,PROD-037,2,203.25,0.15,345.52
ITEM-000728,ORD-000295,PROD-063,1,49.11,0.0,49.11
ITEM-000729,ORD-000295,PROD-074,4,19.49,0.15,66.27
ITEM-000730,ORD-000295,PROD-050,4,18.62,0.0,74.48
ITEM-000731,ORD-000296,PROD-003,3,30.01,0.0,90.03
ITEM-000732,ORD-000297,PROD-048,4,20.17,0.0,80.68
ITEM-000733,ORD-000297,PROD-040,1,20.06,0.0,20.06
ITEM-000734,ORD-000297,PROD-087,2,19.64,0.0,39.28
ITEM-000735,ORD-000298,PROD-011,1,90.62,0.0,90.62
ITEM-000736,ORD-000298,PROD-044,2,16.56,0.0,33.12
ITEM-000737,ORD-000299,PROD-043,4,10.44,0.1,37.58
ITEM-000738,ORD-000299,PROD-014,2,147.64,0.15,250.99
ITEM-000739,ORD-000299,PROD-020,4,40.07,0.0,160.28
ITEM-000740,ORD-000300,PROD-074,1,20.09,0.0,20.09
ITEM-000741,ORD-000300,PROD-001,1,80.79,0.0,80.79
ITEM-000742,ORD-000300,PROD-010,1,127.26,0.2,101.81
ITEM-000743,ORD-000300,PROD-096,4,23.27,0.05,88.43
ITEM-000744,ORD-000301,PROD-033,1,145.13,0.0,145.13
ITEM-000745,ORD-000301,PROD-035,4,25.94,0.0,103.76
ITEM-000746,ORD-000302,PROD-026,3,24.65,0.0,73.95
ITEM-000747,ORD-000302,PROD-093,4,38.69,0.2,123.81
ITEM-000748,ORD-000303,PROD-073,1,36.32,0.0,36.32
ITEM-000749,ORD-000303,PROD-020,3,38.07,0.0,114.21
ITEM-000750,ORD-000304,PROD-011,1,91.58,0.15,77.84
ITEM-000751,ORD-000304,PROD-098,2,10.24,0.05,19.46
ITEM-000752,ORD-000305,PROD-045,3,44.07,0.0,132.21
ITEM-000753,ORD-000305,PROD-095,2,12.13,0.0,24.26
ITEM-000754,ORD-000305,PROD-021,2,51.45,0.0,102.9
ITEM-000755,ORD-000306,PROD-058,1,8.05,0.0,8.05
ITEM-000756,ORD-000307,PROD-041,3,41.63,0.0,124.89
ITEM-000757,ORD-000307,PROD-007,1,201.12,0.0,201.12
ITEM-000758,ORD-000307,PROD-029,3,90.87,0.0,272.61
ITEM-000759,ORD-000307,PROD-089,3,25.51,0.0,76.53
ITEM-000760,ORD-000308,PROD-015,4,60.62,0.0,242.48
ITEM-000761,ORD-000308,PROD-044,2,16.89,0.0,33.78
ITEM-000762,ORD-000308,PROD-009,1,60.84,0.0,60.84
ITEM-000763,ORD-000308,PROD-083,4,17.11,0.0,68.44
ITEM-000764,ORD-000309,PROD-064,3,59.52,0.0,178.56
ITEM-000765,ORD-000309,PROD-031,1,29.75,0.0,29.75
ITEM-000766,ORD-000310,PROD-051,2,91.89,0.0,183.78
ITEM-000767,ORD-000311,PROD-005,1,90.71,0.1,81.64
ITEM-000768,ORD-000311,PROD-027,1,248.36,0.0,248.36
ITEM-000769,ORD-000311,PROD-062,1,20.76,0.0,20.76
ITEM-000770,ORD-000311,PROD-082,2,40.35,0.0,80.7
ITEM-000771,ORD-000312,PROD-036,4,15.61,0.1,56.2
ITEM-000772,ORD-000313,PROD-052,1,45.12,0.0,45.12
ITEM-000773,ORD-000313,PROD-002,4,12.61,0.05,47.92
ITEM-000774,ORD-000314,PROD-058,1,8.03,0.0,8.03
ITEM-000775,ORD-000314,PROD-087,3,20.8,0.0,62.4
ITEM-000776,ORD-000314,PROD-068,2,20.15,0.1,36.27
ITEM-000777,ORD-000314,PROD-036,4,14.8,0.15,50.32
ITEM-000778,ORD-000315,PROD-074,3,19.83,0.1,53.54
ITEM-000779,ORD-000316,PROD-002,4,12.59,0.1,45.32
ITEM-000780,ORD-000317,PROD-024,1,41.41,0.05,39.34
ITEM-000781,ORD-000317,PROD-053,1,9.78,0.0,9.78
ITEM-000782,ORD-000318,PROD-035,4,23.98,0.0,95.92
ITEM-000783,ORD-000318,PROD-082,3,41.02,0.0,123.06
ITEM-000784,ORD-000319,PROD-062,4,20.09,0.0,80.36
ITEM-000785,ORD-000319,PROD-061,4,30.55,0.0,122.2
ITEM-000786,ORD-000319,PROD-054,1,48.48,0.0,48.48
ITEM-000787,ORD-000320,PROD-082,4,38.25,0.0,153.0
ITEM-000788,ORD-000320,PROD-073,1,36.35,0.2,29.08
ITEM-000789,ORD-000321,PROD-080,4,50.89,0.1,183.2
ITEM-000790,ORD-000321,PROD-016,4,43.44,0.0,173.76
ITEM-000791,ORD-000321,PROD-028,4,20.22,0.2,64.7
ITEM-000792,ORD-000321,PROD-059,3,20.82,0.0,62.46
ITEM-000793,ORD-000322,PROD-038,1,62.8,0.2,50.24
ITEM-000794,ORD-000322,PROD-001,4,76.28,0.0,305.12
ITEM-000795,ORD-000322,PROD-019,2,56.42,0.1,101.56
ITEM-000796,ORD-000322,PROD-093,2,38.33,0.0,76.66
ITEM-000797,ORD-000322,PROD-095,3,11.56,0.0,34.68
ITEM-000798,ORD-000323,PROD-068,1,20.81,0.0,20.81
ITEM-000799,ORD-000324,PROD-074,4,19.69,0.05,74.82
ITEM-000800,ORD-000324,PROD-083,1,18.53,0.15,15.75
ITEM-000801,ORD-000324,PROD-062,4,19.48,0.0,77.92
ITEM-000802,ORD-000325,PROD-069,3,13.05,0.0,39.15
ITEM-000803,ORD-000326,PROD-072,1,19.48,0.05,18.51
ITEM-000804,ORD-000326,PROD-013,4,25.94,0.1,93.38
ITEM-000805,ORD-000326,PROD-086,4,18.55,0.0,74.2
ITEM-000806,ORD-000327,PROD-017,1,20.53,0.0,20.53
ITEM-000807,ORD-000327,PROD-012,3,50.09,0.15,127.73
ITEM-000808,ORD-000328,PROD-068,3,20.01,0.0,60.03
ITEM-000809,ORD-000328,PROD-076,3,13.26,0.1,35.8
ITEM-000810,ORD-000328,PROD-073,4,33.46,0.0,133.84
ITEM-000811,ORD-000329,PROD-075,3,15.26,0.05,43.49
ITEM-000812,ORD-000330,PROD-034,2,91.75,0.0,183.5
ITEM-000813,ORD-000330,PROD-035,4,25.54,0.0,102.16
ITEM-000814,ORD-000330,PROD-032,1,19.72,0.0,19.72
ITEM-000815,ORD-000331,PROD-016,4,44.08,0.0,176.32
ITEM-000816,ORD-000331,PROD-039,3,25.37,0.0,76.11
ITEM-000817,ORD-000331,PROD-067,4,43.17,0.15,146.78
ITEM-000818,ORD-000332,PROD-027,3,245.81,0.0,737.43
ITEM-000819,ORD-000332,PROD-038,1,60.39,0.0,60.39
ITEM-000820,ORD-000333,PROD-096,4,23.83,0.0,95.32
ITEM-000821,ORD-000333,PROD-078,1,22.42,0.0,22.42
ITEM-000822,ORD-000333,PROD-068,1,20.63,0.15,17.54
ITEM-000823,ORD-000334,PROD-058,3,7.62,0.0,22.86
ITEM-000824,ORD-000334,PROD-047,3,18.41,0.2,44.18
ITEM-000825,ORD-000335,PROD-067,3,45.61,0.0,136.83
ITEM-000826,ORD-000335,PROD-022,2,76.95,0.0,153.9
ITEM-000827,ORD-000335,PROD-020,1,38.65,0.0,38.65
ITEM-000828,ORD-000336,PROD-098,1,9.8,0.0,9.8
ITEM-000829,ORD-000336,PROD-028,3,20.56,0.2,49.34
ITEM-000830,ORD-000337,PROD-039,2,24.14,0.05,45.87
ITEM-000831,ORD-000338,PROD-084,2,30.26,0.0,60.52
ITEM-000832,ORD-000339,PROD-070,4,22.11,0.0,88.44
ITEM-000833,ORD-000340,PROD-084,3,30.99,0.0,92.97
ITEM-000834,ORD-000341,PROD-027,1,253.38,0.0,253.38
ITEM-000835,ORD-000341,PROD-088,4,48.95,0.0,195.8
ITEM-000836,ORD-000342,PROD-055,3,19.52,0.0,58.56
ITEM-000837,ORD-000342,PROD-027,4,257.44,0.1,926.78
ITEM-000838,ORD-000343,PROD-014,2,150.91,0.0,301.82
ITEM-000839,ORD-000343,PROD-074,1,20.63,0.05,19.6
ITEM-000840,ORD-000343,PROD-082,4,41.5,0.0,166.0
ITEM-000841,ORD-000344,PROD-005,1,87.9,0.0,87.9
ITEM-000842,ORD-000344,PROD-060,3,34.08,0.0,102.24
ITEM-000843,ORD-000345,PROD-039,1,24.4,0.0,24.4
ITEM-000844,ORD-000345,PROD-038,1,60.99,0.0,60.99
ITEM-000845,ORD-000345,PROD-081,2,30.45,0.15,51.77
ITEM-000846,ORD-000345,PROD-089,2,24.88,0.0,49.76
ITEM-000847,ORD-000346,PROD-046,1,18.86,0.0,18.86
ITEM-000848,ORD-000347,PROD-042,3,49.03,0.15,125.03
ITEM-000849,ORD-000348,PROD-002,4,12.74,0.05,48.41
ITEM-000850,ORD-000349,PROD-035,2,25.74,0.0,51.48
ITEM-000851,ORD-000349,PROD-062,3,19.08,0.0,57.24
ITEM-000852,ORD-000350,PROD-083,1,17.99,0.0,17.99
ITEM-000853,ORD-000350,PROD-016,3,46.46,0.0,139.38
ITEM-000854,ORD-000350,PROD-002,3,13.21,0.0,39.63
ITEM-000855,ORD-000350,PROD-066,2,33.39,0.0,66.78
ITEM-000856,ORD-000351,PROD-048,2,20.92,0.15,35.56
ITEM-000857,ORD-000351,PROD-069,1,13.08,0.0,13.08
ITEM-000858,ORD-000352,PROD-059,1,19.99,0.0,19.99
ITEM-000859,ORD-000352,PROD-057,3,15.52,0.0,46.56
ITEM-000860,ORD-000352,PROD-055,4,20.7,0.0,82.8
ITEM-000861,ORD-000352,PROD-016,4,45.9,0.2,146.88
ITEM-000862,ORD-000352,PROD-051,1,91.12,0.0,91.12
ITEM-000863,ORD-000353,PROD-012,2,48.27,0.1,86.89
ITEM-000864,ORD-000354,PROD-064,4,62.22,0.0,248.88
ITEM-000865,ORD-000354,PROD-087,3,19.22,0.2,46.13
ITEM-000866,ORD-000354,PROD-013,2,24.17,0.0,48.34
ITEM-000867,ORD-000354,PROD-084,2,29.86,0.0,59.72
ITEM-000868,ORD-000355,PROD-091,4,16.59,0.0,66.36
ITEM-000869,ORD-000356,PROD-091,2,15.87,0.0,31.74
ITEM-000870,ORD-000357,PROD-075,4,15.73,0.1,56.63
ITEM-000871,ORD-000358,PROD-053,2,9.99,0.05,18.98
ITEM-000872,ORD-000358,PROD-032,2,20.08,0.0,40.16
ITEM-000873,ORD-000359,PROD-085,4,38.14,0.0,152.56
ITEM-000874,ORD-000360,PROD-092,4,14.97,0.1,53.89
ITEM-000875,ORD-000360,PROD-040,1,19.57,0.0,19.57
ITEM-000876,ORD-000360,PROD-083,1,18.74,0.0,18.74
ITEM-000877,ORD-000360,PROD-033,1,142.68,0.0,142.68
ITEM-000878,ORD-000360,PROD-095,1,12.36,0.0,12.36
ITEM-000879,ORD-000361,PROD-052,4,43.6,0.0,174.4
ITEM-000880,ORD-000361,PROD-011,1,90.64,0.0,90.64
ITEM-000881,ORD-000362,PROD-009,1,59.94,0.0,59.94
ITEM-000882,ORD-000363,PROD-006,1,40.45,0.0,40.45
ITEM-000883,ORD-000363,PROD-012,3,52.35,0.0,157.05
ITEM-000884,ORD-000364,PROD-006,3,40.54,0.0,121.62
ITEM-000885,ORD-000365,PROD-014,1,156.99,0.2,125.59
ITEM-000886,ORD-000365,PROD-072,1,19.25,0.0,19.25
ITEM-000887,ORD-000365,PROD-043,3,10.09,0.0,30.27
ITEM-000888,ORD-000366,PROD-008,2,48.15,0.0,96.3
ITEM-000889,ORD-000366,PROD-076,4,12.34,0.0,49.36
ITEM-000890,ORD-000366,PROD-047,1,17.75,0.0,17.75
ITEM-000891,ORD-000367,PROD-069,3,12.75,0.0,38.25
ITEM-000892,ORD-000368,PROD-094,3,43.27,0.0,129.81
ITEM-000893,ORD-000369,PROD-029,3,94.1,0.0,282.3
ITEM-000894,ORD-000369,PROD-083,1,17.42,0.0,17.42
ITEM-000895,ORD-000369,PROD-025,4,29.06,0.0,116.24
ITEM-000896,ORD-000370,PROD-027,3,253.74,0.0,761.22
ITEM-000897,ORD-000371,PROD-077,3,17.27,0.0,51.81
ITEM-000898,ORD-000371,PROD-093,2,38.16,0.0,76.32
ITEM-000899,ORD-000371,PROD-029,1,93.87,0.05,89.18
ITEM-000900,ORD-000371,PROD-084,4,30.18,0.0,120.72
ITEM-000901,ORD-000371,PROD-042,2,50.34,0.15,85.58
ITEM-000902,ORD-000372,PROD-001,4,79.39,0.0,317.56
ITEM-000903,ORD-000372,PROD-070,2,22.82,0.1,41.08
ITEM-000904,ORD-000372,PROD-066,2,36.71,0.0,73.42
ITEM-000905,ORD-000373,PROD-070,1,23.05,0.0,23.05
ITEM-000906,ORD-000373,PROD-003,4,30.47,0.05,115.79
ITEM-000907,ORD-000374,PROD-020,1,38.77,0.0,38.77
ITEM-000908,ORD-000374,PROD-005,2,85.89,0.0,171.78
ITEM-000909,ORD-000374,PROD-084,2,30.85,0.0,61.7
ITEM-000910,ORD-000374,PROD-022,1,79.67,0.2,63.74
ITEM-000911,ORD-000375,PROD-098,2,10.17,0.0,20.34
ITEM-000912,ORD-000375,PROD-029,4,88.1,0.0,352.4
ITEM-000913,ORD-000375,PROD-015,3,62.07,0.0,186.21
ITEM-000914,ORD-000376,PROD-028,3,20.38,0.0,61.14
ITEM-000915,ORD-000376,PROD-016,1,44.7,0.0,44.7
ITEM-000916,ORD-000376,PROD-066,2,34.0,0.0,68.0
ITEM-000917,ORD-000377,PROD-056,4,24.02,0.0,96.08
ITEM-000918,ORD-000378,PROD-046,4,18.97,0.1,68.29
ITEM-000919,ORD-000378,PROD-090,2,27.22,0.0,54.44
ITEM-000920,ORD-000379,PROD-062,2,20.33,0.0,40.66
ITEM-000921,ORD-000380,PROD-083,1,18.51,0.0,18.51
ITEM-000922,ORD-000380,PROD-043,1,9.58,0.0,9.58
ITEM-000923,ORD-000381,PROD-093,2,41.64,0.0,83.28
ITEM-000924,ORD-000381,PROD-046,4,19.28,0.1,69.41
ITEM-000925,ORD-000381,PROD-043,1,9.97,0.05,9.47
ITEM-000926,ORD-000381,PROD-032,1,20.76,0.0,20.76
ITEM-000927,ORD-000382,PROD-014,3,153.06,0.0,459.18
ITEM-000928,ORD-000383,PROD-016,4,42.91,0.0,171.64
ITEM-000929,ORD-000384,PROD-003,1,28.6,0.0,28.6
ITEM-000930,ORD-000384,PROD-082,3,38.83,0.0,116.49
ITEM-000931,ORD-000385,PROD-065,3,25.66,0.0,76.98
ITEM-000932,ORD-000386,PROD-099,4,20.11,0.1,72.4
ITEM-000933,ORD-000387,PROD-050,2,18.57,0.2,29.71
ITEM-000934,ORD-000387,PROD-012,4,48.51,0.0,194.04
ITEM-000935,ORD-000387,PROD-079,3,20.03,0.0,60.09
ITEM-000936,ORD-000387,PROD-032,4,20.43,0.0,81.72
ITEM-000937,ORD-000387,PROD-080,2,50.96,0.15,86.63
ITEM-000938,ORD-000387,PROD-093,1,39.39,0.05,37.42
ITEM-000939,ORD-000387,PROD-064,2,57.93,0.15,98.48
ITEM-000940,ORD-000388,PROD-007,3,199.76,0.0,599.28
ITEM-000941,ORD-000388,PROD-053,3,9.72,0.0,29.16
ITEM-000942,ORD-000388,PROD-035,2,25.9,0.0,51.8
ITEM-000943,ORD-000389,PROD-011,2,87.74,0.0,175.48
ITEM-000944,ORD-000389,PROD-026,2,26.13,0.0,52.26
ITEM-000945,ORD-000389,PROD-040,4,19.93,0.05,75.73
ITEM-000946,ORD-000390,PROD-046,3,19.4,0.15,49.47
ITEM-000947,ORD-000390,PROD-015,1,62.42,0.15,53.06
ITEM-000948,ORD-000391,PROD-096,3,23.51,0.0,70.53
ITEM-000949,ORD-000391,PROD-095,4,12.22,0.1,43.99
ITEM-000950,ORD-000392,PROD-035,4,25.01,0.0,100.04
ITEM-000951,ORD-000392,PROD-033,1,147.71,0.0,147.71
ITEM-000952,ORD-000392,PROD-042,2,50.09,0.0,100.18
ITEM-000953,ORD-000392,PROD-094,4,46.65,0.0,186.6
ITEM-000954,ORD-000393,PROD-013,2,25.94,0.0,51.88
ITEM-000955,ORD-000393,PROD-070,2,24.08,0.05,45.75
ITEM-000956,ORD-000394,PROD-036,2,15.55,0.0,31.1
ITEM-000957,ORD-000395,PROD-029,4,86.65,0.2,277.28
ITEM-000958,ORD-000395,PROD-019,2,53.35,0.0,106.7
ITEM-000959,ORD-000395,PROD-087,4,20.24,0.0,80.96
ITEM-000960,ORD-000395,PROD-052,2,43.34,0.0,86.68
ITEM-000961,ORD-000395,PROD-028,2,20.51,0.1,36.92
ITEM-000962,ORD-000396,PROD-087,1,19.41,0.0,19.41
ITEM-000963,ORD-000396,PROD-016,1,45.1,0.0,45.1
ITEM-000964,ORD-000397,PROD-042,2,49.66,0.2,79.46
ITEM-000965,ORD-000397,PROD-002,4,13.03,0.0,52.12
ITEM-000966,ORD-000397,PROD-040,2,19.89,0.0,39.78
ITEM-000967,ORD-000397,PROD-076,3,13.48,0.05,38.42
ITEM-000968,ORD-000398,PROD-091,1,15.82,0.0,15.82
ITEM-000969,ORD-000398,PROD-003,4,28.9,0.0,115.6
ITEM-000970,ORD-000398,PROD-029,2,89.46,0.0,178.92
ITEM-000971,ORD-000398,PROD-012,3,52.07,0.0,156.21
ITEM-000972,ORD-000399,PROD-087,3,20.14,0.0,60.42
ITEM-000973,ORD-000399,PROD-085,3,41.63,0.15,106.16
ITEM-000974,ORD-000400,PROD-025,1,29.9,0.05,28.4
ITEM-000975,ORD-000400,PROD-069,1,13.33,0.0,13.33
ITEM-000976,ORD-000401,PROD-027,3,256.16,0.0,768.48
ITEM-000977,ORD-000401,PROD-067,4,46.0,0.0,184.0
ITEM-000978,ORD-000402,PROD-005,4,87.74,0.05,333.41
ITEM-000979,ORD-000402,PROD-056,4,26.12,0.15,88.81
ITEM-000980,ORD-000402,PROD-041,1,39.6,0.0,39.6
ITEM-000981,ORD-000402,PROD-085,3,41.96,0.0,125.88
ITEM-000982,ORD-000403,PROD-090,4,27.78,0.0,111.12
ITEM-000983,ORD-000404,PROD-025,4,29.25,0.0,117.0
ITEM-000984,ORD-000404,PROD-001,3,76.15,0.0,228.45
ITEM-000985,ORD-000404,PROD-097,4,26.34,0.0,105.36
ITEM-000986,ORD-000404,PROD-073,3,36.21,0.0,108.63
ITEM-000987,ORD-000405,PROD-016,2,44.73,0.0,89.46
ITEM-000988,ORD-000406,PROD-027,4,256.81,0.0,1027.24
ITEM-000989,ORD-000406,PROD-058,1,8.34,0.0,8.34
ITEM-000990,ORD-000406,PROD-053,1,10.08,0.15,8.57
ITEM-000991,ORD-000407,PROD-057,4,14.46,0.0,57.84
ITEM-000992,ORD-000407,PROD-021,2,51.15,0.15,86.95
ITEM-000993,ORD-000408,PROD-065,1,26.16,0.0,26.16
ITEM-000994,ORD-000409,PROD-090,1,27.55,0.0,27.55
ITEM-000995,ORD-000410,PROD-099,1,20.02,0.0,20.02
ITEM-000996,ORD-000411,PROD-050,1,18.27,0.2,14.62
ITEM-000997,ORD-000411,PROD-045,3,45.02,0.2,108.05
ITEM-000998,ORD-000411,PROD-051,3,93.52,0.0,280.56
ITEM-000999,ORD-000412,PROD-025,3,29.33,0.0,87.99
ITEM-001000,ORD-000412,PROD-006,4,38.95,0.0,155.8
ITEM-001001,ORD-000412,PROD-056,4,23.94,0.1,86.18
ITEM-001002,ORD-000412,PROD-005,1,88.92,0.0,88.92
ITEM-001003,ORD-000413,PROD-085,2,39.4,0.0,78.8
ITEM-001004,ORD-000413,PROD-013,1,26.1,0.0,26.1
ITEM-001005,ORD-000414,PROD-044,2,17.17,0.0,34.34
ITEM-001006,ORD-000414,PROD-004,1,35.43,0.0,35.43
ITEM-001007,ORD-000414,PROD-053,2,10.25,0.2,16.4
ITEM-001008,ORD-000414,PROD-089,2,26.14,0.1,47.05
ITEM-001009,ORD-000414,PROD-064,3,60.6,0.05,172.71
ITEM-001010,ORD-000415,PROD-056,4,26.16,0.15,88.94
ITEM-001011,ORD-000415,PROD-001,3,80.1,0.0,240.3
ITEM-001012,ORD-000416,PROD-089,2,23.78,0.15,40.43
ITEM-001013,ORD-000416,PROD-027,1,244.28,0.0,244.28
ITEM-001014,ORD-000416,PROD-040,1,20.45,0.0,20.45
ITEM-001015,ORD-000416,PROD-010,1,134.75,0.0,134.75
ITEM-001016,ORD-000416,PROD-009,1,57.64,0.0,57.64
ITEM-001017,ORD-000417,PROD-002,2,12.5,0.0,25.0
ITEM-001018,ORD-000417,PROD-018,4,15.52,0.0,62.08
ITEM-001019,ORD-000417,PROD-098,3,9.76,0.1,26.35
ITEM-001020,ORD-000418,PROD-002,2,12.36,0.0,24.72
ITEM-001021,ORD-000419,PROD-091,3,16.27,0.0,48.81
ITEM-001022,ORD-000419,PROD-038,1,62.27,0.0,62.27
ITEM-001023,ORD-000420,PROD-058,3,8.22,0.0,24.66
ITEM-001024,ORD-000420,PROD-092,2,14.28,0.05,27.13
ITEM-001025,ORD-000421,PROD-082,1,40.5,0.0,40.5
ITEM-001026,ORD-000422,PROD-030,1,36.45,0.0,36.45
ITEM-001027,ORD-000423,PROD-031,2,30.85,0.0,61.7
ITEM-001028,ORD-000423,PROD-014,3,147.48,0.15,376.07
ITEM-001029,ORD-000423,PROD-060,4,33.72,0.15,114.65
ITEM-001030,ORD-000423,PROD-078,3,22.43,0.05,63.93
ITEM-001031,ORD-000423,PROD-095,4,12.36,0.0,49.44
ITEM-001032,ORD-000424,PROD-025,2,30.02,0.0,60.04
ITEM-001033,ORD-000424,PROD-032,1,20.36,0.0,20.36
ITEM-001034,ORD-000425,PROD-010,1,132.08,0.15,112.27
ITEM-001035,ORD-000425,PROD-046,1,19.17,0.1,17.25
ITEM-001036,ORD-000426,PROD-003,4,31.15,0.0,124.6
ITEM-001037,ORD-000427,PROD-056,4,25.79,0.0,103.16
ITEM-001038,ORD-000427,PROD-020,2,39.11,0.05,74.31
ITEM-001039,ORD-000428,PROD-034,1,91.1,0.0,91.1
ITEM-001040,ORD-000428,PROD-091,4,15.39,0.0,61.56
ITEM-001041,ORD-000429,PROD-046,3,18.34,0.0,55.02
ITEM-001042,ORD-000429,PROD-058,1,8.27,0.15,7.03
ITEM-001043,ORD-000430,PROD-031,2,28.88,0.0,57.76
ITEM-001044,ORD-000430,PROD-084,2,29.66,0.0,59.32
ITEM-001045,ORD-000430,PROD-039,1,24.43,0.0,24.43
ITEM-001046,ORD-000430,PROD-003,4,30.22,0.0,120.88
ITEM-001047,ORD-000430,PROD-038,4,60.25,0.1,216.9
ITEM-001048,ORD-000430,PROD-039,4,25.73,0.0,102.92
ITEM-001049,ORD-000431,PROD-010,1,131.25,0.1,118.12
ITEM-001050,ORD-000432,PROD-031,4,28.52,0.0,114.08
ITEM-001051,ORD-000432,PROD-007,2,191.96,0.0,383.92
ITEM-001052,ORD-000433,PROD-044,4,17.69,0.0,70.76
ITEM-001053,ORD-000433,PROD-027,2,239.53,0.0,479.06
ITEM-001054,ORD-000433,PROD-003,4,31.15,0.0,124.6
ITEM-001055,ORD-000434,PROD-041,3,40.35,0.15,102.89
ITEM-001056,ORD-000435,PROD-049,1,59.08,0.0,59.08
ITEM-001057,ORD-000435,PROD-082,4,39.85,0.2,127.52
ITEM-001058,ORD-000435,PROD-027,3,250.4,0.0,751.2
ITEM-001059,ORD-000435,PROD-039,1,24.73,0.0,24.73
ITEM-001060,ORD-000436,PROD-058,1,8.11,0.0,8.11
ITEM-001061,ORD-000436,PROD-062,3,19.9,0.0,59.7
ITEM-001062,ORD-000436,PROD-030,3,35.89,0.0,107.67
ITEM-001063,ORD-000437,PROD-084,3,30.16,0.1,81.43
ITEM-001064,ORD-000437,PROD-015,1,58.13,0.0,58.13
ITEM-001065,ORD-000437,PROD-063,2,48.28,0.0,96.56
ITEM-001066,ORD-000438,PROD-009,4,58.0,0.0,232.0
ITEM-001067,ORD-000438,PROD-095,2,11.8,0.0,23.6
ITEM-001068,ORD-000438,PROD-068,1,19.99,0.0,19.99
ITEM-001069,ORD-000438,PROD-043,1,10.12,0.0,10.12
ITEM-001070,ORD-000438,PROD-085,1,38.48,0.0,38.48
ITEM-001071,ORD-000439,PROD-096,3,23.12,0.0,69.36
ITEM-001072,ORD-000439,PROD-077,3,18.64,0.0,55.92
ITEM-001073,ORD-000439,PROD-057,4,15.36,0.0,61.44
ITEM-001074,ORD-000440,PROD-091,1,16.21,0.0,16.21
ITEM-001075,ORD-000440,PROD-017,4,20.78,0.05,78.96
ITEM-001076,ORD-000440,PROD-026,3,26.22,0.0,78.66
ITEM-001077,ORD-000441,PROD-072,1,19.83,0.0,19.83
ITEM-001078,ORD-000441,PROD-060,1,36.58,0.0,36.58
ITEM-001079,ORD-000442,PROD-099,1,19.46,0.0,19.46
ITEM-001080,ORD-000442,PROD-003,1,29.14,0.0,29.14
ITEM-001081,ORD-000442,PROD-034,4,87.45,0.15,297.33
ITEM-001082,ORD-000443,PROD-046,3,18.71,0.0,56.13
ITEM-001083,ORD-000444,PROD-052,3,45.66,0.0,136.98
ITEM-001084,ORD-000445,PROD-015,3,57.15,0.15,145.73
ITEM-001085,ORD-000445,PROD-023,2,132.3,0.2,211.68
ITEM-001086,ORD-000445,PROD-042,1,47.8,0.15,40.63
ITEM-001087,ORD-000446,PROD-065,2,25.3,0.0,50.6
ITEM-001088,ORD-000446,PROD-079,4,19.12,0.0,76.48
ITEM-001089,ORD-000446,PROD-061,1,28.95,0.0,28.95
ITEM-001090,ORD-000446,PROD-044,3,17.71,0.0,53.13
ITEM-001091,ORD-000446,PROD-063,3,50.5,0.2,121.2
ITEM-001092,ORD-000447,PROD-008,4,51.22,0.1,184.39
ITEM-001093,ORD-000447,PROD-048,4,20.96,0.0,83.84
ITEM-001094,ORD-000447,PROD-065,2,25.61,0.0,51.22
ITEM-001095,ORD-000448,PROD-060,1,35.87,0.1,32.28
ITEM-001096,ORD-000448,PROD-009,2,59.51,0.0,119.02
ITEM-001097,ORD-000448,PROD-028,1,19.66,0.0,19.66
ITEM-001098,ORD-000448,PROD-070,3,22.44,0.15,57.22
ITEM-001099,ORD-000448,PROD-059,1,19.61,0.2,15.69
ITEM-001100,ORD-000449,PROD-068,3,20.8,0.15,53.04
ITEM-001101,ORD-000449,PROD-064,3,57.4,0.15,146.37
ITEM-001102,ORD-000449,PROD-005,2,91.86,0.2,146.98
ITEM-001103,ORD-000450,PROD-049,3,62.33,0.2,149.59
ITEM-001104,ORD-000450,PROD-092,3,15.69,0.0,47.07
ITEM-001105,ORD-000450,PROD-071,1,25.32,0.0,25.32
ITEM-001106,ORD-000450,PROD-097,3,26.93,0.0,80.79
ITEM-001107,ORD-000451,PROD-029,2,90.68,0.0,181.36
ITEM-001108,ORD-000451,PROD-034,4,86.35,0.0,345.4
ITEM-001109,ORD-000451,PROD-018,4,15.05,0.0,60.2
ITEM-001110,ORD-000452,PROD-084,3,28.57,0.1,77.14
ITEM-001111,ORD-000452,PROD-095,4,11.63,0.1,41.87
ITEM-001112,ORD-000452,PROD-030,3,35.71,0.2,85.7
ITEM-001113,ORD-000452,PROD-056,3,26.15,0.0,78.45
ITEM-001114,ORD-000453,PROD-008,1,48.13,0.0,48.13
ITEM-001115,ORD-000453,PROD-001,2,83.25,0.0,166.5
ITEM-001116,ORD-000453,PROD-057,1,15.44,0.15,13.12
ITEM-001117,ORD-000453,PROD-006,3,40.93,0.0,122.79
ITEM-001118,ORD-000454,PROD-083,3,17.22,0.2,41.33
ITEM-001119,ORD-000454,PROD-081,4,28.51,0.0,114.04
ITEM-001120,ORD-000454,PROD-012,3,48.71,0.1,131.52
ITEM-001121,ORD-000454,PROD-006,4,39.52,0.0,158.08
ITEM-001122,ORD-000454,PROD-026,1,23.81,0.0,23.81
ITEM-001123,ORD-000454,PROD-001,3,83.88,0.0,251.64
ITEM-001124,ORD-000454,PROD-057,4,14.75,0.2,47.2
ITEM-001125,ORD-000455,PROD-048,1,20.19,0.0,20.19
ITEM-001126,ORD-000456,PROD-060,2,33.98,0.0,67.96
ITEM-001127,ORD-000456,PROD-023,3,125.65,0.0,376.95
ITEM-001128,ORD-000457,PROD-026,4,26.06,0.0,104.24
ITEM-001129,ORD-000458,PROD-066,1,34.05,0.2,27.24
ITEM-001130,ORD-000459,PROD-049,4,58.32,0.0,233.28
ITEM-001131,ORD-000459,PROD-029,2,89.35,0.0,178.7
ITEM-001132,ORD-000459,PROD-098,1,9.87,0.0,9.87
ITEM-001133,ORD-000460,PROD-085,2,39.62,0.0,79.24
ITEM-001134,ORD-000461,PROD-007,2,191.23,0.0,382.46
ITEM-001135,ORD-000462,PROD-038,4,59.76,0.1,215.14
ITEM-001136,ORD-000462,PROD-061,1,31.47,0.0,31.47
ITEM-001137,ORD-000462,PROD-031,1,31.36,0.1,28.22
ITEM-001138,ORD-000462,PROD-040,4,20.67,0.0,82.68
ITEM-001139,ORD-000462,PROD-053,4,9.7,0.2,31.04
ITEM-001140,ORD-000462,PROD-025,3,30.76,0.0,92.28
ITEM-001141,ORD-000463,PROD-074,2,19.65,0.0,39.3
ITEM-001142,ORD-000464,PROD-062,4,19.46,0.0,77.84
ITEM-001143,ORD-000464,PROD-048,4,19.67,0.0,78.68
ITEM-001144,ORD-000464,PROD-029,4,90.64,0.0,362.56
ITEM-001145,ORD-000464,PROD-034,2,87.92,0.0,175.84
ITEM-001146,ORD-000465,PROD-093,3,40.71,0.0,122.13
ITEM-001147,ORD-000465,PROD-095,3,12.36,0.0,37.08
ITEM-001148,ORD-000465,PROD-056,4,24.7,0.0,98.8
ITEM-001149,ORD-000466,PROD-069,1,13.58,0.0,13.58
ITEM-001150,ORD-000466,PROD-064,4,58.74,0.2,187.97
ITEM-001151,ORD-000467,PROD-099,4,20.32,0.0,81.28
ITEM-001152,ORD-000467,PROD-097,1,26.78,0.0,26.78
ITEM-001153,ORD-000467,PROD-045,3,45.79,0.0,137.37
ITEM-001154,ORD-000468,PROD-060,1,35.73,0.1,32.16
ITEM-001155,ORD-000468,PROD-042,4,47.96,0.15,163.06
ITEM-001156,ORD-000469,PROD-009,3,61.84,0.0,185.52
ITEM-001157,ORD-000469,PROD-073,3,36.23,0.15,92.39
ITEM-001158,ORD-000469,PROD-003,4,29.07,0.0,116.28
ITEM-001159,ORD-000469,PROD-099,1,20.16,0.0,20.16
ITEM-001160,ORD-000469,PROD-084,2,30.2,0.0,60.4
ITEM-001161,ORD-000470,PROD-080,1,47.6,0.0,47.6
ITEM-001162,ORD-000470,PROD-049,1,60.26,0.05,57.25
ITEM-001163,ORD-000470,PROD-053,4,10.14,0.0,40.56
ITEM-001164,ORD-000471,PROD-036,1,15.7,0.2,12.56
ITEM-001165,ORD-000472,PROD-092,3,14.78,0.0,44.34
ITEM-001166,ORD-000472,PROD-039,1,24.75,0.2,19.8
ITEM-001167,ORD-000473,PROD-026,2,25.39,0.0,50.78
ITEM-001168,ORD-000474,PROD-039,3,26.13,0.0,78.39
ITEM-001169,ORD-000474,PROD-079,2,20.76,0.05,39.44
ITEM-001170,ORD-000475,PROD-054,3,49.5,0.0,148.5
ITEM-001171,ORD-000475,PROD-098,3,9.53,0.15,24.3
ITEM-001172,ORD-000475,PROD-087,1,20.24,0.0,20.24
ITEM-001173,ORD-000476,PROD-051,3,87.97,0.0,263.91
ITEM-001174,ORD-000476,PROD-091,1,15.53,0.0,15.53
ITEM-001175,ORD-000476,PROD-069,1,13.02,0.1,11.72
ITEM-001176,ORD-000476,PROD-089,1,25.39,0.05,24.12
ITEM-001177,ORD-000477,PROD-011,4,88.36,0.0,353.44
ITEM-001178,ORD-000478,PROD-077,4,17.76,0.0,71.04
ITEM-001179,ORD-000478,PROD-020,4,41.12,0.0,164.48
ITEM-001180,ORD-000479,PROD-046,3,18.92,0.2,45.41
ITEM-001181,ORD-000479,PROD-070,1,23.86,0.0,23.86
ITEM-001182,ORD-000479,PROD-067,4,46.28,0.0,185.12
ITEM-001183,ORD-000479,PROD-082,3,40.13,0.0,120.39
ITEM-001184,ORD-000480,PROD-032,4,20.41,0.0,81.64
ITEM-001185,ORD-000480,PROD-045,1,46.72,0.0,46.72
ITEM-001186,ORD-000480,PROD-040,4,20.08,0.0,80.32
ITEM-001187,ORD-000481,PROD-003,2,29.45,0.0,58.9
ITEM-001188,ORD-000482,PROD-090,1,28.71,0.0,28.71
ITEM-001189,ORD-000482,PROD-024,3,40.62,0.0,121.86
ITEM-001190,ORD-000482,PROD-084,1,30.71,0.05,29.17
ITEM-001191,ORD-000482,PROD-071,3,23.96,0.0,71.88
ITEM-001192,ORD-000483,PROD-033,1,148.02,0.0,148.02
ITEM-001193,ORD-000483,PROD-057,4,15.48,0.0,61.92
ITEM-001194,ORD-000483,PROD-086,3,18.25,0.2,43.8
ITEM-001195,ORD-000483,PROD-019,1,56.02,0.0,56.02
ITEM-001196,ORD-000484,PROD-034,1,92.57,0.1,83.31
ITEM-001197,ORD-000484,PROD-053,1,9.88,0.0,9.88
ITEM-001198,ORD-000484,PROD-080,2,48.89,0.0,97.78
ITEM-001199,ORD-000484,PROD-045,2,45.52,0.0,91.04
ITEM-001200,ORD-000484,PROD-003,2,29.01,0.15,49.32
ITEM-001201,ORD-000485,PROD-087,4,19.78,0.2,63.3
ITEM-001202,ORD-000485,PROD-073,3,35.8,0.0,107.4
ITEM-001203,ORD-000485,PROD-004,2,36.63,0.0,73.26
ITEM-001204,ORD-000486,PROD-009,2,59.16,0.0,118.32
ITEM-001205,ORD-000486,PROD-088,4,49.44,0.15,168.1
ITEM-001206,ORD-000487,PROD-067,2,45.2,0.0,90.4
ITEM-001207,ORD-000487,PROD-090,1,29.05,0.0,29.05
ITEM-001208,ORD-000488,PROD-073,2,34.17,0.0,68.34
ITEM-001209,ORD-000488,PROD-048,3,19.06,0.0,57.18
ITEM-001210,ORD-000489,PROD-027,3,253.89,0.0,761.67
ITEM-001211,ORD-000489,PROD-014,3,154.04,0.15,392.8
ITEM-001212,ORD-000489,PROD-002,2,13.41,0.0,26.82
ITEM-001213,ORD-000489,PROD-028,4,19.17,0.0,76.68
ITEM-001214,ORD-000490,PROD-030,2,36.59,0.0,73.18
ITEM-001215,ORD-000490,PROD-055,3,19.69,0.0,59.07
ITEM-001216,ORD-000490,PROD-066,3,34.57,0.2,82.97
ITEM-001217,ORD-000490,PROD-015,3,57.37,0.0,172.11
ITEM-001218,ORD-000490,PROD-007,2,205.78,0.0,411.56
ITEM-001219,ORD-000490,PROD-008,2,48.13,0.0,96.26
ITEM-001220,ORD-000491,PROD-020,1,38.85,0.0,38.85
ITEM-001221,ORD-000492,PROD-074,3,19.63,0.0,58.89
ITEM-001222,ORD-000492,PROD-093,4,40.16,0.0,160.64
ITEM-001223,ORD-000492,PROD-054,3,52.29,0.0,156.87
ITEM-001224,ORD-000492,PROD-036,3,15.12,0.0,45.36
ITEM-001225,ORD-000492,PROD-026,2,25.65,0.05,48.73
ITEM-001226,ORD-000493,PROD-062,3,20.66,0.0,61.98
ITEM-001227,ORD-000494,PROD-021,1,48.48,0.0,48.48
ITEM-001228,ORD-000494,PROD-016,2,44.97,0.0,89.94
ITEM-001229,ORD-000495,PROD-075,3,15.63,0.2,37.51
ITEM-001230,ORD-000495,PROD-031,4,30.43,0.05,115.63
ITEM-001231,ORD-000496,PROD-071,4,24.83,0.0,99.32
ITEM-001232,ORD-000497,PROD-042,4,51.89,0.05,197.18
ITEM-001233,ORD-000498,PROD-082,3,40.56,0.0,121.68
ITEM-001234,ORD-000498,PROD-074,2,19.94,0.0,39.88
ITEM-001235,ORD-000499,PROD-049,1,59.5,0.0,59.5
ITEM-001236,ORD-000500,PROD-036,3,15.1,0.0,45.3
ITEM-001237,ORD-000500,PROD-065,3,26.01,0.2,62.42
ITEM-001238,ORD-000500,PROD-054,3,47.51,0.0,142.53
ITEM-001239,ORD-000500,PROD-048,4,19.35,0.1,69.66
ITEM-001240,ORD-000501,PROD-081,2,30.05,0.0,60.1
ITEM-001241,ORD-000501,PROD-046,2,18.56,0.0,37.12
ITEM-001242,ORD-000501,PROD-038,2,62.44,0.0,124.88
ITEM-001243,ORD-000502,PROD-050,1,18.08,0.2,14.46
ITEM-001244,ORD-000502,PROD-084,2,31.49,0.1,56.68
ITEM-001245,ORD-000502,PROD-002,1,12.48,0.15,10.61
ITEM-001246,ORD-000502,PROD-047,4,18.43,0.0,73.72
ITEM-001247,ORD-000502,PROD-016,3,45.0,0.0,135.0
ITEM-001248,ORD-000503,PROD-008,3,51.15,0.0,153.45
ITEM-001249,ORD-000504,PROD-019,1,56.08,0.0,56.08
ITEM-001250,ORD-000504,PROD-013,3,25.02,0.0,75.06
ITEM-001251,ORD-000504,PROD-060,4,35.59,0.15,121.01
ITEM-001252,ORD-000504,PROD-070,2,21.89,0.15,37.21
ITEM-001253,ORD-000504,PROD-054,1,49.25,0.0,49.25
ITEM-001254,ORD-000504,PROD-031,2,28.99,0.0,57.98
ITEM-001255,ORD-000505,PROD-019,4,52.85,0.0,211.4
ITEM-001256,ORD-000505,PROD-090,3,27.69,0.0,83.07
ITEM-001257,ORD-000505,PROD-018,3,14.74,0.2,35.38
ITEM-001258,ORD-000506,PROD-020,3,41.78,0.0,125.34
ITEM-001259,ORD-000506,PROD-027,2,253.7,0.2,405.92
ITEM-001260,ORD-000507,PROD-029,1,93.45,0.0,93.45
ITEM-001261,ORD-000507,PROD-012,3,48.98,0.0,146.94
ITEM-001262,ORD-000507,PROD-067,1,45.81,0.15,38.94
ITEM-001263,ORD-000508,PROD-092,1,14.68,0.0,14.68
ITEM-001264,ORD-000508,PROD-088,1,49.69,0.0,49.69
ITEM-001265,ORD-000508,PROD-091,4,16.6,0.0,66.4
ITEM-001266,ORD-000509,PROD-022,4,83.21,0.0,332.84
ITEM-001267,ORD-000509,PROD-036,1,14.27,0.1,12.84
ITEM-001268,ORD-000509,PROD-002,2,12.68,0.05,24.09
ITEM-001269,ORD-000509,PROD-001,4,77.27,0.15,262.72
ITEM-001270,ORD-000509,PROD-092,4,15.07,0.2,48.22
ITEM-001271,ORD-000510,PROD-038,4,62.42,0.1,224.71
ITEM-001272,ORD-000510,PROD-004,1,36.08,0.0,36.08
ITEM-001273,ORD-000510,PROD-037,3,207.75,0.0,623.25
ITEM-001274,ORD-000511,PROD-043,2,9.56,0.0,19.12
ITEM-001275,ORD-000511,PROD-089,2,25.98,0.1,46.76
ITEM-001276,ORD-000511,PROD-002,1,13.3,0.05,12.63
ITEM-001277,ORD-000511,PROD-098,2,9.91,0.0,19.82
ITEM-001278,ORD-000511,PROD-069,2,13.39,0.0,26.78
ITEM-001279,ORD-000511,PROD-078,1,23.41,0.05,22.24
ITEM-001280,ORD-000512,PROD-068,2,19.1,0.0,38.2
ITEM-001281,ORD-000512,PROD-014,4,156.02,0.2,499.26
ITEM-001282,ORD-000512,PROD-098,1,10.33,0.0,10.33
ITEM-001283,ORD-000513,PROD-051,4,89.96,0.2,287.87
ITEM-001284,ORD-000513,PROD-071,2,25.17,0.0,50.34
ITEM-001285,ORD-000513,PROD-001,3,76.24,0.15,194.41
ITEM-001286,ORD-000514,PROD-047,2,17.66,0.2,28.26
ITEM-001287,ORD-000514,PROD-007,3,206.39,0.15,526.29
ITEM-001288,ORD-000514,PROD-034,1,90.24,0.2,72.19
ITEM-001289,ORD-000515,PROD-005,2,94.41,0.15,160.5
ITEM-001290,ORD-000515,PROD-044,3,17.73,0.0,53.19
ITEM-001291,ORD-000515,PROD-055,1,19.89,0.1,17.9
ITEM-001292,ORD-000515,PROD-078,4,22.69,0.0,90.76
ITEM-001293,ORD-000516,PROD-063,3,48.82,0.0,146.46
ITEM-001294,ORD-000516,PROD-035,4,26.02,0.0,104.08
ITEM-001295,ORD-000516,PROD-047,4,18.88,0.0,75.52
ITEM-001296,ORD-000516,PROD-006,3,39.8,0.0,119.4
ITEM-001297,ORD-000517,PROD-085,3,41.33,0.0,123.99
ITEM-001298,ORD-000518,PROD-009,2,58.34,0.0,116.68
ITEM-001299,ORD-000518,PROD-042,1,50.41,0.0,50.41
ITEM-001300,ORD-000518,PROD-051,2,92.96,0.0,185.92
ITEM-001301,ORD-000519,PROD-012,3,50.7,0.0,152.1
ITEM-001302,ORD-000519,PROD-099,2,20.01,0.0,40.02
ITEM-001303,ORD-000520,PROD-018,2,14.88,0.0,29.76
ITEM-001304,ORD-000520,PROD-037,4,195.46,0.0,781.84
ITEM-001305,ORD-000520,PROD-078,1,23.08,0.1,20.77
ITEM-001306,ORD-000521,PROD-057,3,14.33,0.0,42.99
ITEM-001307,ORD-000521,PROD-086,4,18.63,0.0,74.52
ITEM-001308,ORD-000522,PROD-092,3,14.47,0.1,39.07
ITEM-001309,ORD-000523,PROD-065,4,24.73,0.0,98.92
ITEM-001310,ORD-000523,PROD-008,3,49.69,0.0,149.07
ITEM-001311,ORD-000524,PROD-010,3,130.53,0.15,332.85
ITEM-001312,ORD-000524,PROD-022,3,78.29,0.0,234.87
ITEM-001313,ORD-000524,PROD-078,4,23.81,0.1,85.72
ITEM-001314,ORD-000524,PROD-069,2,13.51,0.0,27.02
ITEM-001315,ORD-000525,PROD-085,1,39.38,0.0,39.38
ITEM-001316,ORD-000525,PROD-053,3,9.84,0.05,28.04
ITEM-001317,ORD-000526,PROD-094,2,45.6,0.0,91.2
ITEM-001318,ORD-000527,PROD-025,2,31.35,0.05,59.56
ITEM-001319,ORD-000527,PROD-010,2,129.05,0.0,258.1
ITEM-001320,ORD-000527,PROD-079,3,20.74,0.0,62.22
ITEM-001321,ORD-000527,PROD-009,1,61.23,0.1,55.11
ITEM-001322,ORD-000528,PROD-026,2,26.15,0.05,49.68
ITEM-001323,ORD-000528,PROD-038,3,62.07,0.0,186.21
ITEM-001324,ORD-000529,PROD-080,3,51.17,0.0,153.51
ITEM-001325,ORD-000529,PROD-041,1,41.49,0.0,41.49
ITEM-001326,ORD-000529,PROD-086,2,17.58,0.2,28.13
ITEM-001327,ORD-000530,PROD-020,3,41.11,0.0,123.33
ITEM-001328,ORD-000530,PROD-075,4,15.66,0.0,62.64
ITEM-001329,ORD-000530,PROD-068,4,19.26,0.0,77.04
ITEM-001330,ORD-000531,PROD-001,3,83.77,0.05,238.74
ITEM-001331,ORD-000531,PROD-055,2,20.29,0.0,40.58
ITEM-001332,ORD-000531,PROD-035,3,24.53,0.0,73.59
ITEM-001333,ORD-000532,PROD-026,1,24.2,0.2,19.36
ITEM-001334,ORD-000532,PROD-040,2,20.36,0.0,40.72
ITEM-001335,ORD-000532,PROD-080,2,50.96,0.0,101.92
ITEM-001336,ORD-000533,PROD-034,4,88.44,0.15,300.7
ITEM-001337,ORD-000533,PROD-074,3,19.53,0.0,58.59
ITEM-001338,ORD-000534,PROD-001,2,80.05,0.2,128.08
ITEM-001339,ORD-000535,PROD-029,1,89.84,0.0,89.84
ITEM-001340,ORD-000535,PROD-019,2,56.6,0.0,113.2
ITEM-001341,ORD-000535,PROD-058,3,7.78,0.15,19.84
ITEM-001342,ORD-000536,PROD-070,1,22.99,0.05,21.84
ITEM-001343,ORD-000536,PROD-013,2,24.9,0.0,49.8
ITEM-001344,ORD-000537,PROD-085,4,38.16,0.0,152.64
ITEM-001345,ORD-000537,PROD-004,2,33.53,0.0,67.06
ITEM-001346,ORD-000538,PROD-005,4,94.22,0.0,376.88
ITEM-001347,ORD-000539,PROD-094,3,44.22,0.05,126.03
ITEM-001348,ORD-000540,PROD-065,2,24.49,0.0,48.98
ITEM-001349,ORD-000541,PROD-022,2,81.24,0.0,162.48
ITEM-001350,ORD-000541,PROD-070,3,22.01,0.1,59.43
ITEM-001351,ORD-000541,PROD-015,4,58.82,0.0,235.28
ITEM-001352,ORD-000541,PROD-090,2,28.34,0.1,51.01
ITEM-001353,ORD-000542,PROD-094,1,45.03,0.0,45.03
ITEM-001354,ORD-000542,PROD-095,1,12.57,0.0,12.57
ITEM-001355,ORD-000542,PROD-083,2,17.83,0.15,30.31
ITEM-001356,ORD-000543,PROD-081,2,30.44,0.05,57.84
ITEM-001357,ORD-000543,PROD-093,2,41.24,0.2,65.98
ITEM-001358,ORD-000543,PROD-031,3,31.03,0.0,93.09
ITEM-001359,ORD-000544,PROD-020,1,38.01,0.05,36.11
ITEM-001360,ORD-000545,PROD-079,1,20.24,0.0,20.24
ITEM-001361,ORD-000545,PROD-017,4,19.42,0.0,77.68
ITEM-001362,ORD-000546,PROD-073,1,35.65,0.0,35.65
ITEM-001363,ORD-000546,PROD-036,1,15.14,0.0,15.14
ITEM-001364,ORD-000547,PROD-069,3,12.42,0.15,31.67
ITEM-001365,ORD-000547,PROD-061,2,30.52,0.0,61.04
ITEM-001366,ORD-000547,PROD-029,2,87.8,0.0,175.6
ITEM-001367,ORD-000547,PROD-088,3,52.19,0.0,156.57
ITEM-001368,ORD-000548,PROD-015,3,62.08,0.1,167.62
ITEM-001369,ORD-000548,PROD-081,1,28.62,0.0,28.62
ITEM-001370,ORD-000548,PROD-068,3,19.29,0.0,57.87
ITEM-001371,ORD-000549,PROD-052,3,46.25,0.15,117.94
ITEM-001372,ORD-000550,PROD-075,1,15.53,0.0,15.53
ITEM-001373,ORD-000550,PROD-020,2,41.77,0.0,83.54
ITEM-001374,ORD-000550,PROD-081,3,31.08,0.0,93.24
ITEM-001375,ORD-000550,PROD-094,2,44.27,0.0,88.54
ITEM-001376,ORD-000550,PROD-066,1,34.92,0.0,34.92
ITEM-001377,ORD-000550,PROD-094,4,47.02,0.0,188.08
ITEM-001378,ORD-000550,PROD-084,4,31.18,0.0,124.72
ITEM-001379,ORD-000550,PROD-066,4,33.33,0.1,119.99
ITEM-001380,ORD-000551,PROD-011,4,91.88,0.0,367.52
ITEM-001381,ORD-000551,PROD-036,2,15.18,0.0,30.36
ITEM-001382,ORD-000551,PROD-023,1,126.92,0.0,126.92
ITEM-001383,ORD-000551,PROD-001,4,79.3,0.0,317.2
ITEM-001384,ORD-000551,PROD-059,1,19.96,0.05,18.96
ITEM-001385,ORD-000551,PROD-024,2,40.91,0.0,81.82
ITEM-001386,ORD-000551,PROD-051,4,90.82,0.0,363.28
ITEM-001387,ORD-000552,PROD-059,1,20.72,0.1,18.65
ITEM-001388,ORD-000552,PROD-046,2,18.97,0.2,30.35
ITEM-001389,ORD-000553,PROD-009,4,59.74,0.0,238.96
ITEM-001390,ORD-000553,PROD-059,4,19.41,0.05,73.76
ITEM-001391,ORD-000554,PROD-071,3,24.5,0.15,62.48
ITEM-001392,ORD-000554,PROD-077,3,18.68,0.0,56.04
ITEM-001393,ORD-000554,PROD-093,3,38.92,0.0,116.76
ITEM-001394,ORD-000554,PROD-002,3,13.32,0.0,39.96
ITEM-001395,ORD-000554,PROD-059,4,19.3,0.0,77.2
ITEM-001396,ORD-000554,PROD-004,1,34.69,0.15,29.49
ITEM-001397,ORD-000555,PROD-013,1,26.2,0.0,26.2
ITEM-001398,ORD-000555,PROD-037,4,190.17,0.0,760.68
ITEM-001399,ORD-000555,PROD-045,3,47.14,0.2,113.14
ITEM-001400,ORD-000556,PROD-065,3,24.06,0.1,64.96
ITEM-001401,ORD-000556,PROD-058,1,8.34,0.0,8.34
ITEM-001402,ORD-000557,PROD-015,2,57.38,0.0,114.76
ITEM-001403,ORD-000558,PROD-027,2,258.96,0.0,517.92
ITEM-001404,ORD-000559,PROD-073,3,35.78,0.0,107.34
ITEM-001405,ORD-000559,PROD-018,3,14.28,0.1,38.56
ITEM-001406,ORD-000559,PROD-045,2,46.52,0.0,93.04
ITEM-001407,ORD-000560,PROD-060,4,35.79,0.2,114.53
ITEM-001408,ORD-000560,PROD-090,1,29.22,0.0,29.22
ITEM-001409,ORD-000561,PROD-058,4,8.16,0.0,32.64
ITEM-001410,ORD-000561,PROD-094,1,46.99,0.0,46.99
ITEM-001411,ORD-000561,PROD-058,4,7.93,0.05,30.13
ITEM-001412,ORD-000562,PROD-007,2,205.39,0.0,410.78
ITEM-001413,ORD-000562,PROD-042,2,48.9,0.0,97.8
ITEM-001414,ORD-000562,PROD-030,3,34.23,0.0,102.69
ITEM-001415,ORD-000562,PROD-055,3,20.2,0.0,60.6
ITEM-001416,ORD-000562,PROD-009,4,58.52,0.0,234.08
ITEM-001417,ORD-000562,PROD-005,4,92.93,0.0,371.72
ITEM-001418,ORD-000563,PROD-063,3,49.45,0.0,148.35
ITEM-001419,ORD-000563,PROD-022,2,77.85,0.0,155.7
ITEM-001420,ORD-000563,PROD-076,2,12.84,0.05,24.4
ITEM-001421,ORD-000563,PROD-024,3,40.74,0.2,97.78
ITEM-001422,ORD-000563,PROD-026,1,24.25,0.0,24.25
ITEM-001423,ORD-000563,PROD-035,3,26.15,0.05,74.53
ITEM-001424,ORD-000564,PROD-096,1,23.28,0.0,23.28
ITEM-001425,ORD-000564,PROD-089,2,25.09,0.0,50.18
ITEM-001426,ORD-000565,PROD-053,4,9.86,0.05,37.47
ITEM-001427,ORD-000565,PROD-040,2,20.24,0.0,40.48
ITEM-001428,ORD-000565,PROD-012,4,50.83,0.2,162.66
ITEM-001429,ORD-000566,PROD-085,2,38.84,0.0,77.68
ITEM-001430,ORD-000566,PROD-072,2,19.4,0.0,38.8
ITEM-001431,ORD-000566,PROD-062,4,20.95,0.0,83.8
ITEM-001432,ORD-000567,PROD-071,4,24.58,0.0,98.32
ITEM-001433,ORD-000567,PROD-040,3,20.91,0.0,62.73
ITEM-001434,ORD-000568,PROD-073,4,34.69,0.1,124.88
ITEM-001435,ORD-000568,PROD-085,4,39.23,0.1,141.23
ITEM-001436,ORD-000568,PROD-017,1,19.65,0.2,15.72
ITEM-001437,ORD-000568,PROD-057,2,14.64,0.0,29.28
ITEM-001438,ORD-000569,PROD-015,1,62.53,0.0,62.53
ITEM-001439,ORD-000569,PROD-023,3,135.11,0.0,405.33
ITEM-001440,ORD-000569,PROD-054,1,52.12,0.0,52.12
ITEM-001441,ORD-000570,PROD-052,4,47.22,0.0,188.88
ITEM-001442,ORD-000570,PROD-004,2,36.54,0.0,73.08
ITEM-001443,ORD-000571,PROD-017,1,19.77,0.0,19.77
ITEM-001444,ORD-000572,PROD-080,3,51.66,0.0,154.98
ITEM-001445,ORD-000573,PROD-069,4,13.08,0.0,52.32
ITEM-001446,ORD-000573,PROD-066,2,33.53,0.1,60.35
ITEM-001447,ORD-000574,PROD-082,2,38.62,0.2,61.79
ITEM-001448,ORD-000574,PROD-082,4,40.89,0.0,163.56
ITEM-001449,ORD-000574,PROD-035,4,24.67,0.0,98.68
ITEM-001450,ORD-000574,PROD-086,4,18.44,0.2,59.01
ITEM-001451,ORD-000574,PROD-049,3,58.92,0.0,176.76
ITEM-001452,ORD-000575,PROD-063,2,52.06,0.0,104.12
ITEM-001453,ORD-000575,PROD-017,2,19.49,0.2,31.18
ITEM-001454,ORD-000575,PROD-015,3,62.68,0.0,188.04
ITEM-001455,ORD-000576,PROD-046,4,19.35,0.0,77.4
ITEM-001456,ORD-000577,PROD-011,1,91.83,0.0,91.83
ITEM-001457,ORD-000577,PROD-035,3,24.29,0.0,72.87
ITEM-001458,ORD-000578,PROD-042,1,49.34,0.2,39.47
ITEM-001459,ORD-000578,PROD-067,2,46.77,0.0,93.54
ITEM-001460,ORD-000579,PROD-017,2,19.4,0.0,38.8
ITEM-001461,ORD-000580,PROD-055,1,20.87,0.0,20.87
ITEM-001462,ORD-000580,PROD-003,4,29.13,0.15,99.04
ITEM-001463,ORD-000580,PROD-054,3,50.33,0.0,150.99
ITEM-001464,ORD-000580,PROD-093,4,39.89,0.0,159.56
ITEM-001465,ORD-000581,PROD-019,1,55.46,0.0,55.46
ITEM-001466,ORD-000582,PROD-010,2,133.03,0.0,266.06
ITEM-001467,ORD-000582,PROD-040,2,20.12,0.05,38.23
ITEM-001468,ORD-000583,PROD-019,2,57.21,0.15,97.26
ITEM-001469,ORD-000583,PROD-003,3,30.91,0.0,92.73
ITEM-001470,ORD-000583,PROD-002,3,13.02,0.1,35.15
ITEM-001471,ORD-000583,PROD-006,4,40.69,0.0,162.76
ITEM-001472,ORD-000584,PROD-070,2,22.95,0.0,45.9
ITEM-001473,ORD-000584,PROD-090,4,28.14,0.2,90.05
ITEM-001474,ORD-000585,PROD-031,2,29.76,0.0,59.52
ITEM-001475,ORD-000585,PROD-012,4,48.52,0.0,194.08
ITEM-001476,ORD-000586,PROD-066,1,34.33,0.0,34.33
ITEM-001477,ORD-000586,PROD-050,1,18.77,0.0,18.77
ITEM-001478,ORD-000586,PROD-013,4,25.2,0.0,100.8
ITEM-001479,ORD-000586,PROD-057,2,15.09,0.0,30.18
ITEM-001480,ORD-000586,PROD-027,3,248.36,0.0,745.08
ITEM-001481,ORD-000587,PROD-045,3,45.17,0.0,135.51
ITEM-001482,ORD-000588,PROD-068,4,20.85,0.1,75.06
ITEM-001483,ORD-000588,PROD-059,2,19.37,0.05,36.8
ITEM-001484,ORD-000588,PROD-052,3,46.7,0.05,133.1
ITEM-001485,ORD-000588,PROD-083,1,18.32,0.0,18.32
ITEM-001486,ORD-000589,PROD-030,4,36.54,0.15,124.24
ITEM-001487,ORD-000589,PROD-082,1,39.33,0.0,39.33
ITEM-001488,ORD-000590,PROD-031,3,29.19,0.2,70.06
ITEM-001489,ORD-000590,PROD-055,1,20.17,0.0,20.17
ITEM-001490,ORD-000590,PROD-053,2,9.52,0.15,16.18
ITEM-001491,ORD-000590,PROD-079,4,20.28,0.1,73.01
ITEM-001492,ORD-000591,PROD-071,2,24.54,0.0,49.08
ITEM-001493,ORD-000591,PROD-076,4,13.46,0.0,53.84
ITEM-001494,ORD-000591,PROD-068,3,19.86,0.05,56.6
ITEM-001495,ORD-000591,PROD-031,2,28.82,0.1,51.88
ITEM-001496,ORD-000592,PROD-027,3,242.44,0.0,727.32
ITEM-001497,ORD-000592,PROD-097,2,28.21,0.15,47.96
ITEM-001498,ORD-000593,PROD-058,4,8.01,0.0,32.04
ITEM-001499,ORD-000593,PROD-050,1,18.89,0.1,17.0
ITEM-001500,ORD-000593,PROD-003,4,29.74,0.0,118.96
ITEM-001501,ORD-000593,PROD-039,2,24.45,0.0,48.9
ITEM-001502,ORD-000593,PROD-005,2,92.63,0.0,185.26
ITEM-001503,ORD-000593,PROD-050,4,18.57,0.1,66.85
ITEM-001504,ORD-000594,PROD-083,1,18.58,0.1,16.72
ITEM-001505,ORD-000595,PROD-055,2,20.41,0.0,40.82
ITEM-001506,ORD-000595,PROD-030,4,36.5,0.0,146.0
ITEM-001507,ORD-000595,PROD-080,4,51.93,0.0,207.72
ITEM-001508,ORD-000596,PROD-005,4,85.55,0.0,342.2
ITEM-001509,ORD-000596,PROD-056,4,25.68,0.0,102.72
ITEM-001510,ORD-000597,PROD-060,4,36.25,0.0,145.0
ITEM-001511,ORD-000597,PROD-024,2,40.11,0.1,72.2
ITEM-001512,ORD-000597,PROD-025,3,31.37,0.0,94.11
ITEM-001513,ORD-000598,PROD-040,1,20.22,0.0,20.22
ITEM-001514,ORD-000598,PROD-003,2,31.39,0.0,62.78
ITEM-001515,ORD-000598,PROD-011,1,86.72,0.15,73.71
ITEM-001516,ORD-000599,PROD-043,1,10.42,0.05,9.9
ITEM-001517,ORD-000599,PROD-004,4,34.05,0.0,136.2
ITEM-001518,ORD-000599,PROD-091,3,16.71,0.0,50.13
ITEM-001519,ORD-000599,PROD-020,1,39.02,0.0,39.02
ITEM-001520,ORD-000600,PROD-029,2,94.26,0.15,160.24
ITEM-001521,ORD-000601,PROD-034,1,91.88,0.1,82.69
ITEM-001522,ORD-000601,PROD-036,2,14.46,0.05,27.47
ITEM-001523,ORD-000601,PROD-065,2,25.58,0.0,51.16
ITEM-001524,ORD-000601,PROD-026,4,25.93,0.0,103.72
ITEM-001525,ORD-000601,PROD-080,4,48.71,0.15,165.61
ITEM-001526,ORD-000602,PROD-067,4,44.79,0.05,170.2
ITEM-001527,ORD-000602,PROD-089,2,25.72,0.0,51.44
ITEM-001528,ORD-000603,PROD-063,1,50.41,0.0,50.41
ITEM-001529,ORD-000603,PROD-026,2,25.08,0.0,50.16
ITEM-001530,ORD-000603,PROD-028,1,20.69,0.0,20.69
ITEM-001531,ORD-000603,PROD-062,2,19.27,0.0,38.54
ITEM-001532,ORD-000603,PROD-001,2,79.88,0.2,127.81
ITEM-001533,ORD-000604,PROD-064,2,62.22,0.0,124.44
ITEM-001534,ORD-000605,PROD-032,4,20.31,0.1,73.12
ITEM-001535,ORD-000606,PROD-065,2,26.21,0.0,52.42
ITEM-001536,ORD-000606,PROD-020,4,39.67,0.0,158.68
ITEM-001537,ORD-000606,PROD-030,3,35.85,0.0,107.55
ITEM-001538,ORD-000607,PROD-019,3,55.78,0.15,142.24
ITEM-001539,ORD-000608,PROD-007,2,201.41,0.05,382.68
ITEM-001540,ORD-000609,PROD-013,3,24.6,0.1,66.42
ITEM-001541,ORD-000609,PROD-020,1,39.2,0.0,39.2
ITEM-001542,ORD-000609,PROD-064,4,59.46,0.1,214.06
ITEM-001543,ORD-000610,PROD-086,3,17.28,0.0,51.84
ITEM-001544,ORD-000610,PROD-092,2,14.63,0.05,27.8
ITEM-001545,ORD-000611,PROD-039,3,24.45,0.2,58.68
ITEM-001546,ORD-000612,PROD-019,2,54.01,0.2,86.42
ITEM-001547,ORD-000613,PROD-038,3,58.92,0.0,176.76
ITEM-001548,ORD-000613,PROD-002,4,13.61,0.0,54.44
ITEM-001549,ORD-000614,PROD-012,3,48.42,0.0,145.26
ITEM-001550,ORD-000615,PROD-038,2,62.94,0.2,100.7
ITEM-001551,ORD-000615,PROD-028,2,19.14,0.0,38.28
ITEM-001552,ORD-000616,PROD-004,2,33.88,0.0,67.76
ITEM-001553,ORD-000616,PROD-035,1,25.56,0.1,23.0
ITEM-001554,ORD-000616,PROD-061,4,30.51,0.1,109.84
ITEM-001555,ORD-000616,PROD-098,1,10.18,0.0,10.18
ITEM-001556,ORD-000617,PROD-041,1,38.12,0.1,34.31
ITEM-001557,ORD-000617,PROD-078,3,23.0,0.0,69.0
ITEM-001558,ORD-000617,PROD-077,3,17.11,0.0,51.33
ITEM-001559,ORD-000617,PROD-026,3,25.72,0.0,77.16
ITEM-001560,ORD-000618,PROD-053,1,9.6,0.0,9.6
ITEM-001561,ORD-000619,PROD-028,2,19.83,0.0,39.66
ITEM-001562,ORD-000619,PROD-034,1,85.84,0.0,85.84
ITEM-001563,ORD-000620,PROD-004,4,35.74,0.0,142.96
ITEM-001564,ORD-000620,PROD-039,1,23.81,0.0,23.81
ITEM-001565,ORD-000621,PROD-020,4,40.12,0.0,160.48
ITEM-001566,ORD-000622,PROD-011,3,88.9,0.05,253.37
ITEM-001567,ORD-000622,PROD-013,2,25.65,0.0,51.3
ITEM-001568,ORD-000622,PROD-095,2,12.03,0.1,21.65
ITEM-001569,ORD-000622,PROD-036,2,15.42,0.1,27.76
ITEM-001570,ORD-000622,PROD-011,3,85.57,0.05,243.87
ITEM-001571,ORD-000622,PROD-023,3,125.7,0.05,358.25
ITEM-001572,ORD-000622,PROD-003,3,30.19,0.05,86.04
ITEM-001573,ORD-000623,PROD-040,4,19.26,0.0,77.04
ITEM-001574,ORD-000623,PROD-080,2,48.84,0.0,97.68
ITEM-001575,ORD-000623,PROD-079,1,19.78,0.0,19.78
ITEM-001576,ORD-000623,PROD-021,1,50.47,0.0,50.47
ITEM-001577,ORD-000623,PROD-083,1,17.58,0.0,17.58
ITEM-001578,ORD-000624,PROD-062,3,20.93,0.05,59.65
ITEM-001579,ORD-000624,PROD-008,1,51.25,0.05,48.69
ITEM-001580,ORD-000624,PROD-095,3,11.61,0.0,34.83
ITEM-001581,ORD-000624,PROD-011,2,92.67,0.15,157.54
ITEM-001582,ORD-000625,PROD-057,2,14.62,0.05,27.78
ITEM-001583,ORD-000625,PROD-095,1,11.67,0.0,11.67
ITEM-001584,ORD-000626,PROD-055,3,19.94,0.0,59.82
ITEM-001585,ORD-000626,PROD-074,3,19.26,0.0,57.78
ITEM-001586,ORD-000626,PROD-058,2,7.73,0.2,12.37
ITEM-001587,ORD-000626,PROD-056,2,24.06,0.2,38.5
ITEM-001588,ORD-000626,PROD-038,1,61.68,0.0,61.68
ITEM-001589,ORD-000627,PROD-055,2,20.57,0.15,34.97
ITEM-001590,ORD-000628,PROD-073,4,35.82,0.15,121.79
ITEM-001591,ORD-000628,PROD-089,1,25.93,0.05,24.63
ITEM-001592,ORD-000628,PROD-006,3,41.82,0.0,125.46
ITEM-001593,ORD-000628,PROD-039,1,26.12,0.0,26.12
ITEM-001594,ORD-000628,PROD-009,3,60.32,0.0,180.96
ITEM-001595,ORD-000628,PROD-040,4,20.13,0.0,80.52
ITEM-001596,ORD-000628,PROD-076,3,12.45,0.0,37.35
ITEM-001597,ORD-000628,PROD-064,4,61.38,0.0,245.52
ITEM-001598,ORD-000629,PROD-036,2,15.14,0.1,27.25
ITEM-001599,ORD-000629,PROD-015,3,60.57,0.1,163.54
ITEM-001600,ORD-000630,PROD-026,3,25.11,0.0,75.33
ITEM-001601,ORD-000630,PROD-014,1,155.72,0.2,124.58
ITEM-001602,ORD-000630,PROD-073,2,34.13,0.0,68.26
ITEM-001603,ORD-000630,PROD-060,4,33.99,0.0,135.96
ITEM-001604,ORD-000631,PROD-051,4,86.3,0.0,345.2
ITEM-001605,ORD-000631,PROD-047,2,17.82,0.0,35.64
ITEM-001606,ORD-000632,PROD-004,4,33.32,0.0,133.28
ITEM-001607,ORD-000632,PROD-077,1,18.67,0.05,17.74
ITEM-001608,ORD-000633,PROD-028,1,20.26,0.0,20.26
ITEM-001609,ORD-000633,PROD-093,4,39.99,0.0,159.96
ITEM-001610,ORD-000634,PROD-027,3,256.91,0.0,770.73
ITEM-001611,ORD-000635,PROD-004,1,34.3,0.2,27.44
ITEM-001612,ORD-000635,PROD-052,2,43.53,0.0,87.06
ITEM-001613,ORD-000635,PROD-012,1,52.0,0.0,52.0
ITEM-001614,ORD-000635,PROD-057,4,14.76,0.0,59.04
ITEM-001615,ORD-000636,PROD-094,2,43.8,0.15,74.46
ITEM-001616,ORD-000636,PROD-087,2,19.99,0.0,39.98
ITEM-001617,ORD-000637,PROD-062,3,19.43,0.0,58.29
ITEM-001618,ORD-000637,PROD-070,4,23.56,0.0,94.24
ITEM-001619,ORD-000638,PROD-041,3,39.37,0.0,118.11
ITEM-001620,ORD-000639,PROD-087,3,19.27,0.2,46.25
ITEM-001621,ORD-000639,PROD-061,2,30.92,0.2,49.47
ITEM-001622,ORD-000639,PROD-083,4,17.48,0.0,69.92
ITEM-001623,ORD-000639,PROD-028,2,19.86,0.2,31.78
ITEM-001624,ORD-000640,PROD-031,1,30.78,0.15,26.16
ITEM-001625,ORD-000641,PROD-078,2,23.5,0.0,47.0
ITEM-001626,ORD-000642,PROD-001,3,78.63,0.0,235.89
ITEM-001627,ORD-000643,PROD-097,2,27.31,0.0,54.62
ITEM-001628,ORD-000643,PROD-057,2,14.8,0.05,28.12
ITEM-001629,ORD-000643,PROD-001,3,80.45,0.0,241.35
ITEM-001630,ORD-000644,PROD-072,2,20.06,0.15,34.1
ITEM-001631,ORD-000644,PROD-091,4,15.81,0.1,56.92
ITEM-001632,ORD-000645,PROD-013,2,23.94,0.0,47.88
ITEM-001633,ORD-000646,PROD-004,3,35.86,0.0,107.58
ITEM-001634,ORD-000646,PROD-094,1,47.13,0.0,47.13
ITEM-001635,ORD-000646,PROD-082,1,39.54,0.15,33.61
ITEM-001636,ORD-000646,PROD-050,4,18.38,0.0,73.52
ITEM-001637,ORD-000646,PROD-060,1,34.52,0.0,34.52
ITEM-001638,ORD-000647,PROD-004,4,35.71,0.0,142.84
ITEM-001639,ORD-000647,PROD-049,4,60.28,0.05,229.06
ITEM-001640,ORD-000647,PROD-049,3,57.18,0.0,171.54
ITEM-001641,ORD-000647,PROD-003,1,30.54,0.15,25.96
ITEM-001642,ORD-000647,PROD-066,1,34.29,0.2,27.43
ITEM-001643,ORD-000647,PROD-001,1,82.75,0.0,82.75
ITEM-001644,ORD-000648,PROD-026,4,24.95,0.1,89.82
ITEM-001645,ORD-000648,PROD-099,3,20.04,0.0,60.12
ITEM-001646,ORD-000648,PROD-061,4,30.97,0.2,99.1
ITEM-001647,ORD-000649,PROD-003,3,29.5,0.2,70.8
ITEM-001648,ORD-000650,PROD-055,3,19.71,0.0,59.13
ITEM-001649,ORD-000650,PROD-090,1,26.9,0.0,26.9
ITEM-001650,ORD-000650,PROD-033,1,147.96,0.05,140.56
ITEM-001651,ORD-000651,PROD-061,1,29.28,0.0,29.28
ITEM-001652,ORD-000652,PROD-039,3,26.04,0.1,70.31
ITEM-001653,ORD-000652,PROD-058,2,8.26,0.2,13.22
ITEM-001654,ORD-000653,PROD-044,3,17.6,0.2,42.24
ITEM-001655,ORD-000653,PROD-083,1,17.95,0.1,16.16
ITEM-001656,ORD-000654,PROD-033,1,152.62,0.0,152.62
ITEM-001657,ORD-000654,PROD-060,1,34.0,0.0,34.0
ITEM-001658,ORD-000655,PROD-035,3,23.82,0.2,57.17
ITEM-001659,ORD-000655,PROD-082,2,39.86,0.0,79.72
ITEM-001660,ORD-000655,PROD-043,2,9.61,0.15,16.34
ITEM-001661,ORD-000656,PROD-021,3,47.96,0.0,143.88
ITEM-001662,ORD-000657,PROD-039,4,24.3,0.0,97.2
ITEM-001663,ORD-000657,PROD-014,1,149.41,0.0,149.41
ITEM-001664,ORD-000657,PROD-095,2,12.06,0.2,19.3
ITEM-001665,ORD-000657,PROD-023,4,127.57,0.0,510.28
ITEM-001666,ORD-000658,PROD-053,3,9.87,0.2,23.69
ITEM-001667,ORD-000658,PROD-045,3,44.38,0.0,133.14
ITEM-001668,ORD-000658,PROD-031,1,29.91,0.0,29.91
ITEM-001669,ORD-000658,PROD-081,1,31.03,0.0,31.03
ITEM-001670,ORD-000659,PROD-015,2,60.65,0.0,121.3
ITEM-001671,ORD-000659,PROD-086,1,18.26,0.0,18.26
ITEM-001672,ORD-000659,PROD-047,1,18.41,0.0,18.41
ITEM-001673,ORD-000659,PROD-095,1,12.09,0.0,12.09
ITEM-001674,ORD-000659,PROD-069,1,13.24,0.0,13.24
ITEM-001675,ORD-000659,PROD-026,4,25.3,0.0,101.2
ITEM-001676,ORD-000660,PROD-004,4,34.04,0.0,136.16
ITEM-001677,ORD-000661,PROD-067,2,45.97,0.0,91.94
ITEM-001678,ORD-000662,PROD-013,3,24.62,0.0,73.86
ITEM-001679,ORD-000662,PROD-035,3,26.17,0.0,78.51
ITEM-001680,ORD-000663,PROD-029,1,89.16,0.0,89.16
ITEM-001681,ORD-000663,PROD-023,1,134.75,0.05,128.01
ITEM-001682,ORD-000664,PROD-043,1,9.79,0.0,9.79
ITEM-001683,ORD-000664,PROD-013,1,25.43,0.0,25.43
ITEM-001684,ORD-000664,PROD-090,1,27.04,0.0,27.04
ITEM-001685,ORD-000665,PROD-090,1,27.71,0.05,26.32
ITEM-001686,ORD-000665,PROD-045,4,46.13,0.0,184.52
ITEM-001687,ORD-000665,PROD-043,4,10.24,0.1,36.86
ITEM-001688,ORD-000665,PROD-062,3,20.5,0.0,61.5
ITEM-001689,ORD-000666,PROD-066,2,34.94,0.0,69.88
ITEM-001690,ORD-000666,PROD-063,1,50.32,0.0,50.32
ITEM-001691,ORD-000667,PROD-025,4,29.83,0.0,119.32
ITEM-001692,ORD-000667,PROD-054,2,47.64,0.1,85.75
ITEM-001693,ORD-000668,PROD-084,3,31.33,0.1,84.59
ITEM-001694,ORD-000668,PROD-024,2,38.53,0.0,77.06
ITEM-001695,ORD-000669,PROD-011,4,92.19,0.2,295.01
ITEM-001696,ORD-000670,PROD-008,4,47.74,0.1,171.86
ITEM-001697,ORD-000670,PROD-034,1,94.47,0.1,85.02
ITEM-001698,ORD-000670,PROD-001,2,82.24,0.0,164.48
ITEM-001699,ORD-000670,PROD-069,3,12.43,0.1,33.56
ITEM-001700,ORD-000671,PROD-025,1,29.57,0.05,28.09
ITEM-001701,ORD-000671,PROD-031,3,30.85,0.2,74.04
ITEM-001702,ORD-000672,PROD-076,1,12.83,0.0,12.83
ITEM-001703,ORD-000672,PROD-026,4,24.92,0.0,99.68
ITEM-001704,ORD-000673,PROD-058,4,8.25,0.0,33.0
ITEM-001705,ORD-000673,PROD-070,1,23.08,0.0,23.08
ITEM-001706,ORD-000673,PROD-089,4,24.72,0.0,98.88
ITEM-001707,ORD-000674,PROD-043,4,9.64,0.0,38.56
ITEM-001708,ORD-000674,PROD-022,3,79.75,0.05,227.29
ITEM-001709,ORD-000675,PROD-085,4,41.68,0.0,166.72
ITEM-001710,ORD-000675,PROD-072,3,20.19,0.0,60.57
ITEM-001711,ORD-000676,PROD-005,4,88.31,0.2,282.59
ITEM-001712,ORD-000677,PROD-020,1,41.48,0.0,41.48
ITEM-001713,ORD-000677,PROD-049,3,59.42,0.0,178.26
ITEM-001714,ORD-000677,PROD-019,1,54.47,0.0,54.47
ITEM-001715,ORD-000678,PROD-086,3,17.38,0.0,52.14
ITEM-001716,ORD-000679,PROD-051,4,92.58,0.0,370.32
ITEM-001717,ORD-000679,PROD-010,4,126.67,0.0,506.68
ITEM-001718,ORD-000680,PROD-078,2,23.78,0.0,47.56
ITEM-001719,ORD-000681,PROD-092,3,14.62,0.15,37.28
ITEM-001720,ORD-000681,PROD-067,3,43.51,0.0,130.53
ITEM-001721,ORD-000682,PROD-094,2,44.01,0.0,88.02
ITEM-001722,ORD-000682,PROD-013,4,25.44,0.0,101.76
ITEM-001723,ORD-000682,PROD-074,2,20.05,0.0,40.1
ITEM-001724,ORD-000683,PROD-051,1,90.9,0.0,90.9
ITEM-001725,ORD-000684,PROD-062,1,19.75,0.0,19.75
ITEM-001726,ORD-000685,PROD-064,3,57.02,0.15,145.4
ITEM-001727,ORD-000685,PROD-031,3,29.09,0.0,87.27
ITEM-001728,ORD-000685,PROD-018,1,15.11,0.0,15.11
ITEM-001729,ORD-000685,PROD-006,4,41.32,0.05,157.02
ITEM-001730,ORD-000686,PROD-007,4,200.13,0.05,760.49
ITEM-001731,ORD-000687,PROD-035,1,24.86,0.0,24.86
ITEM-001732,ORD-000687,PROD-078,1,23.02,0.1,20.72
ITEM-001733,ORD-000687,PROD-007,2,195.24,0.05,370.96
ITEM-001734,ORD-000687,PROD-074,4,20.62,0.1,74.23
ITEM-001735,ORD-000687,PROD-028,1,20.53,0.15,17.45
ITEM-001736,ORD-000688,PROD-015,4,60.43,0.15,205.46
ITEM-001737,ORD-000689,PROD-022,1,79.71,0.0,79.71
ITEM-001738,ORD-000689,PROD-013,2,24.97,0.0,49.94
ITEM-001739,ORD-000690,PROD-092,3,15.51,0.0,46.53
ITEM-001740,ORD-000690,PROD-097,3,26.21,0.0,78.63
ITEM-001741,ORD-000690,PROD-002,3,13.21,0.0,39.63
ITEM-001742,ORD-000690,PROD-035,3,25.9,0.0,77.7
ITEM-001743,ORD-000691,PROD-078,3,22.97,0.05,65.46
ITEM-001744,ORD-000691,PROD-077,1,18.35,0.15,15.6
ITEM-001745,ORD-000691,PROD-071,3,24.6,0.05,70.11
ITEM-001746,ORD-000691,PROD-031,2,29.23,0.0,58.46
ITEM-001747,ORD-000692,PROD-096,1,21.92,0.0,21.92
ITEM-001748,ORD-000692,PROD-043,3,9.69,0.0,29.07
ITEM-001749,ORD-000692,PROD-097,3,27.75,0.0,83.25
ITEM-001750,ORD-000692,PROD-007,1,198.8,0.0,198.8
ITEM-001751,ORD-000693,PROD-069,1,13.34,0.0,13.34
ITEM-001752,ORD-000693,PROD-065,3,24.44,0.1,65.99
ITEM-001753,ORD-000693,PROD-045,3,45.07,0.0,135.21
ITEM-001754,ORD-000694,PROD-040,2,20.04,0.0,40.08
ITEM-001755,ORD-000694,PROD-028,1,19.69,0.2,15.75
ITEM-001756,ORD-000694,PROD-015,3,58.49,0.1,157.92
ITEM-001757,ORD-000694,PROD-054,1,50.83,0.0,50.83
ITEM-001758,ORD-000695,PROD-004,1,35.29,0.0,35.29
ITEM-001759,ORD-000696,PROD-097,1,26.38,0.0,26.38
ITEM-001760,ORD-000697,PROD-083,3,18.09,0.0,54.27
ITEM-001761,ORD-000697,PROD-062,4,20.33,0.0,81.32
ITEM-001762,ORD-000698,PROD-079,1,19.72,0.0,19.72
ITEM-001763,ORD-000699,PROD-097,4,27.66,0.0,110.64
ITEM-001764,ORD-000699,PROD-094,1,45.63,0.0,45.63
ITEM-001765,ORD-000699,PROD-099,4,20.9,0.15,71.06
ITEM-001766,ORD-000699,PROD-013,2,24.73,0.2,39.57
ITEM-001767,ORD-000699,PROD-064,2,62.3,0.0,124.6
ITEM-001768,ORD-000700,PROD-078,1,22.09,0.1,19.88
ITEM-001769,ORD-000701,PROD-097,4,27.2,0.0,108.8
ITEM-001770,ORD-000701,PROD-022,3,80.55,0.0,241.65
ITEM-001771,ORD-000701,PROD-021,1,51.11,0.0,51.11
ITEM-001772,ORD-000702,PROD-002,3,12.57,0.2,30.17
ITEM-001773,ORD-000702,PROD-080,2,51.91,0.0,103.82
ITEM-001774,ORD-000703,PROD-085,4,40.5,0.15,137.7
ITEM-001775,ORD-000704,PROD-004,1,35.25,0.0,35.25
ITEM-001776,ORD-000705,PROD-011,2,90.36,0.0,180.72
ITEM-001777,ORD-000706,PROD-064,4,62.91,0.2,201.31
ITEM-001778,ORD-000706,PROD-024,2,39.76,0.0,79.52
ITEM-001779,ORD-000706,PROD-071,1,25.23,0.0,25.23
ITEM-001780,ORD-000706,PROD-021,4,50.86,0.05,193.27
ITEM-001781,ORD-000706,PROD-009,3,60.14,0.0,180.42
ITEM-001782,ORD-000707,PROD-003,1,28.93,0.0,28.93
ITEM-001783,ORD-000707,PROD-011,2,88.76,0.0,177.52
ITEM-001784,ORD-000708,PROD-053,3,10.14,0.2,24.34
ITEM-001785,ORD-000708,PROD-006,3,38.97,0.05,111.06
ITEM-001786,ORD-000708,PROD-045,4,43.08,0.0,172.32
ITEM-001787,ORD-000709,PROD-063,2,49.58,0.05,94.2
ITEM-001788,ORD-000710,PROD-009,3,57.86,0.0,173.58
ITEM-001789,ORD-000711,PROD-068,1,20.42,0.0,20.42
ITEM-001790,ORD-000712,PROD-020,4,38.54,0.05,146.45
ITEM-001791,ORD-000712,PROD-053,1,9.59,0.15,8.15
ITEM-001792,ORD-000712,PROD-089,4,25.33,0.0,101.32
ITEM-001793,ORD-000712,PROD-077,1,17.96,0.0,17.96
ITEM-001794,ORD-000713,PROD-075,3,14.83,0.1,40.04
ITEM-001795,ORD-000713,PROD-020,1,41.76,0.0,41.76
ITEM-001796,ORD-000713,PROD-023,3,130.35,0.0,391.05
ITEM-001797,ORD-000714,PROD-098,2,9.5,0.05,18.05
ITEM-001798,ORD-000714,PROD-029,1,90.85,0.2,72.68
ITEM-001799,ORD-000714,PROD-006,3,38.66,0.05,110.18
ITEM-001800,ORD-000714,PROD-016,3,47.01,0.15,119.88
ITEM-001801,ORD-000715,PROD-074,4,20.31,0.1,73.12
ITEM-001802,ORD-000715,PROD-027,3,261.71,0.0,785.13
ITEM-001803,ORD-000715,PROD-094,2,44.19,0.0,88.38
ITEM-001804,ORD-000716,PROD-099,3,20.61,0.0,61.83
ITEM-001805,ORD-000717,PROD-061,4,28.79,0.15,97.89
ITEM-001806,ORD-000717,PROD-088,4,49.98,0.0,199.92
ITEM-001807,ORD-000718,PROD-043,4,10.29,0.0,41.16
ITEM-001808,ORD-000718,PROD-005,1,91.55,0.0,91.55
ITEM-001809,ORD-000719,PROD-085,4,39.57,0.0,158.28
ITEM-001810,ORD-000719,PROD-071,2,25.64,0.0,51.28
ITEM-001811,ORD-000720,PROD-027,2,256.01,0.2,409.62
ITEM-001812,ORD-000721,PROD-056,2,24.76,0.0,49.52
ITEM-001813,ORD-000721,PROD-011,3,85.74,0.2,205.78
ITEM-001814,ORD-000721,PROD-017,4,19.57,0.0,78.28
ITEM-001815,ORD-000721,PROD-059,1,19.0,0.0,19.0
ITEM-001816,ORD-000721,PROD-025,4,31.08,0.0,124.32
ITEM-001817,ORD-000721,PROD-070,1,22.19,0.0,22.19
ITEM-001818,ORD-000721,PROD-046,2,18.39,0.0,36.78
ITEM-001819,ORD-000722,PROD-073,2,35.16,0.0,70.32
ITEM-001820,ORD-000723,PROD-032,3,19.12,0.0,57.36
ITEM-001821,ORD-000723,PROD-022,1,83.81,0.0,83.81
ITEM-001822,ORD-000724,PROD-042,4,52.11,0.05,198.02
ITEM-001823,ORD-000725,PROD-079,3,19.16,0.15,48.86
ITEM-001824,ORD-000725,PROD-065,1,23.76,0.05,22.57
ITEM-001825,ORD-000725,PROD-049,1,62.92,0.0,62.92
ITEM-001826,ORD-000725,PROD-024,2,39.48,0.0,78.96
ITEM-001827,ORD-000725,PROD-027,1,257.61,0.0,257.61
ITEM-001828,ORD-000726,PROD-019,4,53.21,0.0,212.84
ITEM-001829,ORD-000726,PROD-038,1,60.53,0.0,60.53
ITEM-001830,ORD-000726,PROD-080,1,48.39,0.0,48.39
ITEM-001831,ORD-000727,PROD-062,1,20.6,0.1,18.54
ITEM-001832,ORD-000727,PROD-099,4,20.32,0.15,69.09
ITEM-001833,ORD-000727,PROD-064,3,62.02,0.0,186.06
ITEM-001834,ORD-000728,PROD-089,2,25.61,0.0,51.22
ITEM-001835,ORD-000728,PROD-060,3,33.51,0.05,95.5
ITEM-001836,ORD-000728,PROD-063,1,51.9,0.0,51.9
ITEM-001837,ORD-000729,PROD-004,2,35.52,0.05,67.49
ITEM-001838,ORD-000729,PROD-097,4,25.87,0.0,103.48
ITEM-001839,ORD-000729,PROD-025,1,30.72,0.05,29.18
ITEM-001840,ORD-000730,PROD-041,4,40.62,0.05,154.36
ITEM-001841,ORD-000730,PROD-012,2,51.56,0.0,103.12
ITEM-001842,ORD-000731,PROD-012,2,50.68,0.0,101.36
ITEM-001843,ORD-000731,PROD-052,2,44.43,0.0,88.86
ITEM-001844,ORD-000732,PROD-029,3,85.9,0.0,257.7
ITEM-001845,ORD-000732,PROD-004,4,35.37,0.0,141.48
ITEM-001846,ORD-000733,PROD-018,2,14.31,0.0,28.62
ITEM-001847,ORD-000734,PROD-061,2,30.79,0.1,55.42
ITEM-001848,ORD-000734,PROD-021,2,49.4,0.05,93.86
ITEM-001849,ORD-000734,PROD-006,3,38.21,0.0,114.63
ITEM-001850,ORD-000734,PROD-004,4,33.85,0.0,135.4
ITEM-001851,ORD-000735,PROD-003,1,29.69,0.15,25.24
ITEM-001852,ORD-000736,PROD-047,4,17.98,0.0,71.92
ITEM-001853,ORD-000736,PROD-005,2,90.13,0.1,162.23
ITEM-001854,ORD-000736,PROD-084,3,29.16,0.05,83.11
ITEM-001855,ORD-000736,PROD-091,1,16.33,0.15,13.88
ITEM-001856,ORD-000737,PROD-058,1,7.97,0.0,7.97
ITEM-001857,ORD-000738,PROD-085,3,38.83,0.0,116.49
ITEM-001858,ORD-000738,PROD-099,2,20.66,0.0,41.32
ITEM-001859,ORD-000738,PROD-064,1,59.26,0.0,59.26
ITEM-001860,ORD-000739,PROD-075,3,14.4,0.0,43.2
ITEM-001861,ORD-000739,PROD-016,1,45.71,0.0,45.71
ITEM-001862,ORD-000740,PROD-058,2,7.64,0.2,12.22
ITEM-001863,ORD-000740,PROD-050,4,18.15,0.0,72.6
ITEM-001864,ORD-000741,PROD-031,4,28.99,0.0,115.96
ITEM-001865,ORD-000742,PROD-092,2,15.47,0.0,30.94
ITEM-001866,ORD-000743,PROD-036,2,15.48,0.05,29.41
ITEM-001867,ORD-000744,PROD-086,3,17.52,0.0,52.56
ITEM-001868,ORD-000745,PROD-060,3,35.86,0.1,96.82
ITEM-001869,ORD-000745,PROD-086,1,17.16,0.15,14.59
ITEM-001870,ORD-000746,PROD-067,4,45.19,0.1,162.68
ITEM-001871,ORD-000746,PROD-089,4,25.38,0.1,91.37
ITEM-001872,ORD-000747,PROD-059,3,20.19,0.0,60.57
ITEM-001873,ORD-000747,PROD-071,3,25.11,0.2,60.26
ITEM-001874,ORD-000747,PROD-089,4,24.54,0.15,83.44
ITEM-001875,ORD-000748,PROD-086,1,18.69,0.0,18.69
ITEM-001876,ORD-000749,PROD-029,4,86.46,0.15,293.96
ITEM-001877,ORD-000749,PROD-041,3,38.81,0.0,116.43
ITEM-001878,ORD-000750,PROD-010,1,136.12,0.05,129.31
