order_id,customer_id,order_date,status,shipping_city,shipping_state,shipping_country,total_amount,created_at
ORD-000001,CUST-0213,2023-09-23T18:49:00,completed,Denver,CO,US,258.97,2023-09-23T18:49:00
ORD-000002,CUST-0038,2025-02-23T10:35:00,completed,Phoenix,AZ,US,686.01,2025-02-23T10:35:00
ORD-000003,CUST-0038,2024-11-15T10:40:00,completed,Phoenix,AZ,US,211.16,2024-11-15T10:40:00
ORD-000004,CUST-0019,2023-06-02T19:30:00,completed,Portland,OR,US,184.87,2023-06-02T19:30:00
ORD-000005,CUST-0298,2023-08-22T08:55:00,completed,Minneapolis,MN,US,556.03,2023-08-22T08:55:00
ORD-000006,CUST-0167,2025-05-25T16:35:00,completed,Memphis,TN,US,135.4,2025-05-25T16:35:00
ORD-000007,CUST-0039,2024-05-20T20:05:00,cancelled,San Antonio,TX,US,27.89,2024-05-20T20:05:00
ORD-000008,CUST-0125,2024-04-17T10:37:00,completed,Kansas City,MO,US,37.35,2024-04-17T10:37:00
ORD-000009,CUST-0082,2024-09-28T08:26:00,completed,Boston,MA,US,387.6,2024-09-28T08:26:00
ORD-000010,CUST-0040,2023-09-17T12:39:00,returned,Raleigh,NC,US,19.2,2023-09-17T12:39:00
ORD-000011,CUST-0251,2023-06-17T08:03:00,completed,San Jose,CA,US,58.08,2023-06-17T08:03:00
ORD-000012,CUST-0047,2023-07-23T19:52:00,pending,San Jose,CA,US,587.45,2023-07-23T19:52:00
ORD-000013,CUST-0077,2024-06-30T16:11:00,completed,Minneapolis,MN,US,129.84,2024-06-30T16:11:00
ORD-000014,CUST-0158,2023-12-16T18:40:00,completed,Los Angeles,CA,US,142.75,2023-12-16T18:40:00
ORD-000015,CUST-0218,2024-11-04T15:16:00,pending,Houston,TX,US,105.6,2024-11-04T15:16:00
ORD-000016,CUST-0216,2025-05-17T10:25:00,cancelled,San Diego,CA,US,171.98,2025-05-17T10:25:00
ORD-000017,CUST-0155,2025-04-11T08:02:00,pending,Philadelphia,PA,US,104.42,2025-04-11T08:02:00
ORD-000018,CUST-0108,2024-04-03T13:24:00,cancelled,Philadelphia,PA,US,195.74,2024-04-03T13:24:00
ORD-000019,CUST-0029,2024-11-12T20:39:00,completed,Nashville,TN,US,296.78,2024-11-12T20:39:00
ORD-000020,CUST-0049,2024-08-25T14:08:00,completed,San Diego,CA,US,266.17,2024-08-25T14:08:00
ORD-000021,CUST-0289,2023-08-23T10:40:00,completed,San Antonio,TX,US,101.16,2023-08-23T10:40:00
ORD-000022,CUST-0276,2025-01-27T21:54:00,completed,Denver,CO,US,8.17,2025-01-27T21:54:00
ORD-000023,CUST-0064,2023-10-30T14:52:00,completed,Sacramento,CA,US,127.53,2023-10-30T14:52:00
ORD-000024,CUST-0194,2025-02-13T17:22:00,completed,Kansas City,MO,US,596.85,2025-02-13T17:22:00
ORD-000025,CUST-0156,2023-03-20T18:39:00,completed,Boston,MA,US,119.85,2023-03-20T18:39:00
ORD-000026,CUST-0161,2024-11-21T21:34:00,completed,Los Angeles,CA,US,252.13,2024-11-21T21:34:00
ORD-000027,CUST-0032,2024-11-17T20:41:00,cancelled,Las Vegas,NV,US,62.97,2024-11-17T20:41:00
ORD-000028,CUST-0259,2024-12-04T15:05:00,completed,Boston,MA,US,303.54,2024-12-04T15:05:00
ORD-000029,CUST-0062,2024-01-16T18:27:00,completed,Austin,TX,US,121.43,2024-01-16T18:27:00
ORD-000030,CUST-0064,2025-05-13T21:22:00,pending,Sacramento,CA,US,251.64,2025-05-13T21:22:00
ORD-000031,CUST-0216,2025-04-01T20:37:00,completed,San Diego,CA,US,186.34,2025-04-01T20:37:00
ORD-000032,CUST-0188,2023-10-09T12:36:00,completed,Cleveland,OH,US,64.34,2023-10-09T12:36:00
ORD-000033,CUST-0175,2023-12-06T13:00:00,completed,Austin,TX,US,207.28,2023-12-06T13:00:00
ORD-000034,CUST-0173,2025-04-05T15:28:00,completed,Austin,TX,US,804.41,2025-04-05T15:28:00
ORD-000035,CUST-0060,2023-10-26T13:21:00,completed,Los Angeles,CA,US,54.48,2023-10-26T13:21:00
ORD-000036,CUST-0231,2023-04-26T12:09:00,completed,Austin,TX,US,80.68,2023-04-26T12:09:00
ORD-000037,CUST-0206,2023-02-11T12:01:00,returned,Raleigh,NC,US,184.5,2023-02-11T12:01:00
ORD-000038,CUST-0219,2023-08-03T10:05:00,completed,San Antonio,TX,US,333.13,2023-08-03T10:05:00
ORD-000039,CUST-0227,2024-05-30T20:20:00,completed,Atlanta,GA,US,246.69,2024-05-30T20:20:00
ORD-000040,CUST-0144,2023-06-28T21:11:00,completed,Los Angeles,CA,US,217.23,2023-06-28T21:11:00
ORD-000041,CUST-0157,2023-02-20T14:27:00,completed,Raleigh,NC,US,1026.98,2023-02-20T14:27:00
ORD-000042,CUST-0039,2023-02-09T08:28:00,completed,San Antonio,TX,US,258.0,2023-02-09T08:28:00
ORD-000043,CUST-0288,2023-08-04T17:40:00,completed,Houston,TX,US,488.99,2023-08-04T17:40:00
ORD-000044,CUST-0266,2023-04-08T11:15:00,completed,Las Vegas,NV,US,1707.14,2023-04-08T11:15:00
ORD-000045,CUST-0089,2023-10-03T18:18:00,cancelled,Los Angeles,CA,US,324.8,2023-10-03T18:18:00
ORD-000046,CUST-0232,2025-03-06T09:59:00,completed,Philadelphia,PA,US,57.75,2025-03-06T09:59:00
ORD-000047,CUST-0295,2023-11-09T21:35:00,completed,San Jose,CA,US,168.66,2023-11-09T21:35:00
ORD-000048,CUST-0124,2023-05-02T21:18:00,completed,Denver,CO,US,68.84,2023-05-02T21:18:00
ORD-000049,CUST-0166,2024-01-10T09:48:00,pending,Boston,MA,US,344.53,2024-01-10T09:48:00
ORD-000050,CUST-0223,2024-06-27T13:32:00,completed,Miami,FL,US,692.84,2024-06-27T13:32:00
ORD-000051,CUST-0050,2023-03-14T11:27:00,completed,Sacramento,CA,US,62.16,2023-03-14T11:27:00
ORD-000052,CUST-0033,2025-01-21T13:35:00,completed,Phoenix,AZ,US,98.6,2025-01-21T13:35:00
ORD-000053,CUST-0221,2024-10-14T12:50:00,completed,Seattle,WA,US,102.68,2024-10-14T12:50:00
ORD-000054,CUST-0251,2023-12-24T09:45:00,completed,San Jose,CA,US,171.89,2023-12-24T09:45:00
ORD-000055,CUST-0232,2023-02-08T10:36:00,cancelled,Philadelphia,PA,US,320.49,2023-02-08T10:36:00
ORD-000056,CUST-0123,2023-04-17T11:53:00,completed,Boston,MA,US,47.8,2023-04-17T11:53:00
ORD-000057,CUST-0031,2023-12-06T11:10:00,pending,Denver,CO,US,37.03,2023-12-06T11:10:00
ORD-000058,CUST-0186,2023-06-08T17:24:00,completed,Los Angeles,CA,US,78.17,2023-06-08T17:24:00
ORD-000059,CUST-0135,2023-06-13T11:52:00,completed,Sacramento,CA,US,142.37,2023-06-13T11:52:00
ORD-000060,CUST-0041,2025-01-20T16:52:00,completed,Minneapolis,MN,US,40.06,2025-01-20T16:52:00
ORD-000061,CUST-0102,2024-04-16T15:43:00,completed,Dallas,TX,US,176.08,2024-04-16T15:43:00
ORD-000062,CUST-0100,2023-08-04T12:09:00,completed,Nashville,TN,US,888.92,2023-08-04T12:09:00
ORD-000063,CUST-0283,2023-03-07T20:00:00,pending,Philadelphia,PA,US,61.81,2023-03-07T20:00:00
ORD-000064,CUST-0099,2024-04-01T11:29:00,completed,Cleveland,OH,US,362.64,2024-04-01T11:29:00
ORD-000065,CUST-0159,2023-12-13T15:49:00,completed,Memphis,TN,US,112.84,2023-12-13T15:49:00
ORD-000066,CUST-0109,2023-04-27T13:07:00,completed,Cleveland,OH,US,703.14,2023-04-27T13:07:00
ORD-000067,CUST-0286,2023-03-20T14:50:00,returned,San Diego,CA,US,342.76,2023-03-20T14:50:00
ORD-000068,CUST-0045,2023-05-25T13:33:00,returned,Chicago,IL,US,564.84,2023-05-25T13:33:00
ORD-000069,CUST-0063,2023-05-25T11:52:00,completed,Philadelphia,PA,US,113.27,2023-05-25T11:52:00
ORD-000070,CUST-0115,2023-04-15T10:55:00,completed,Portland,OR,US,122.62,2023-04-15T10:55:00
ORD-000071,CUST-0097,2025-03-18T16:04:00,completed,Minneapolis,MN,US,109.47,2025-03-18T16:04:00
ORD-000072,CUST-0292,2023-12-20T15:31:00,completed,Cleveland,OH,US,132.46,2023-12-20T15:31:00
ORD-000073,CUST-0057,2025-01-10T21:08:00,pending,Kansas City,MO,US,69.52,2025-01-10T21:08:00
ORD-000074,CUST-0246,2024-10-16T13:28:00,pending,Las Vegas,NV,US,281.19,2024-10-16T13:28:00
ORD-000075,CUST-0046,2024-12-31T20:40:00,completed,Philadelphia,PA,US,373.04,2024-12-31T20:40:00
ORD-000076,CUST-0168,2023-02-14T21:20:00,completed,Houston,TX,US,398.13,2023-02-14T21:20:00
ORD-000077,CUST-0239,2024-08-02T16:03:00,pending,Raleigh,NC,US,44.39,2024-08-02T16:03:00
ORD-000078,CUST-0192,2024-11-30T19:12:00,completed,Seattle,WA,US,36.42,2024-11-30T19:12:00
ORD-000079,CUST-0278,2024-04-13T14:17:00,completed,Phoenix,AZ,US,828.8,2024-04-13T14:17:00
ORD-000080,CUST-0227,2023-01-03T15:59:00,completed,Atlanta,GA,US,324.19,2023-01-03T15:59:00
ORD-000081,CUST-0085,2025-02-13T08:23:00,completed,Houston,TX,US,291.34,2025-02-13T08:23:00
ORD-000082,CUST-0240,2023-04-24T14:09:00,pending,San Antonio,TX,US,103.76,2023-04-24T14:09:00
ORD-000083,CUST-0190,2024-03-14T13:09:00,cancelled,Philadelphia,PA,US,496.9,2024-03-14T13:09:00
ORD-000084,CUST-0195,2023-10-09T13:43:00,completed,Philadelphia,PA,US,246.46,2023-10-09T13:43:00
ORD-000085,CUST-0139,2023-09-25T17:39:00,completed,Seattle,WA,US,469.88,2023-09-25T17:39:00
ORD-000086,CUST-0022,2024-02-21T16:57:00,completed,Miami,FL,US,360.6,2024-02-21T16:57:00
ORD-000087,CUST-0103,2024-05-05T10:05:00,completed,Seattle,WA,US,884.85,2024-05-05T10:05:00
ORD-000088,CUST-0296,2025-01-16T16:02:00,returned,Boston,MA,US,430.1,2025-01-16T16:02:00
ORD-000089,CUST-0135,2023-09-13T20:44:00,completed,Sacramento,CA,US,132.61,2023-09-13T20:44:00
ORD-000090,CUST-0084,2025-05-24T14:31:00,pending,Cleveland,OH,US,369.28,2025-05-24T14:31:00
ORD-000091,CUST-0198,2023-06-01T12:21:00,cancelled,Minneapolis,MN,US,106.22,2023-06-01T12:21:00
ORD-000092,CUST-0215,2023-11-20T18:44:00,completed,Portland,OR,US,300.44,2023-11-20T18:44:00
ORD-000093,CUST-0121,2025-02-27T15:08:00,completed,Portland,OR,US,431.59,2025-02-27T15:08:00
ORD-000094,CUST-0177,2024-03-24T18:54:00,completed,Memphis,TN,US,233.25,2024-03-24T18:54:00
ORD-000095,CUST-0126,2023-06-17T17:24:00,completed,Atlanta,GA,US,38.56,2023-06-17T17:24:00
ORD-000096,CUST-0209,2023-12-26T14:26:00,completed,Dallas,TX,US,44.19,2023-12-26T14:26:00
ORD-000097,CUST-0038,2024-12-30T09:19:00,completed,Phoenix,AZ,US,542.82,2024-12-30T09:19:00
ORD-000098,CUST-0040,2024-08-01T18:39:00,completed,Raleigh,NC,US,193.79,2024-08-01T18:39:00
ORD-000099,CUST-0006,2025-02-21T12:48:00,completed,Los Angeles,CA,US,328.63,2025-02-21T12:48:00
ORD-000100,CUST-0049,2024-11-17T21:51:00,pending,San Diego,CA,US,189.46,2024-11-17T21:51:00
ORD-000101,CUST-0075,2025-03-16T17:10:00,completed,Minneapolis,MN,US,165.07,2025-03-16T17:10:00
ORD-000102,CUST-0262,2023-08-31T18:08:00,completed,Dallas,TX,US,479.08,2023-08-31T18:08:00
ORD-000103,CUST-0086,2023-09-05T17:54:00,cancelled,Kansas City,MO,US,554.38,2023-09-05T17:54:00
ORD-000104,CUST-0223,2023-06-28T21:32:00,completed,Miami,FL,US,90.87,2023-06-28T21:32:00
ORD-000105,CUST-0211,2024-11-09T21:34:00,completed,Denver,CO,US,430.7,2024-11-09T21:34:00
ORD-000106,CUST-0224,2023-08-14T12:37:00,completed,Denver,CO,US,813.56,2023-08-14T12:37:00
ORD-000107,CUST-0097,2024-09-25T21:31:00,completed,Minneapolis,MN,US,737.24,2024-09-25T21:31:00
ORD-000108,CUST-0133,2024-08-27T15:01:00,completed,Boston,MA,US,120.08,2024-08-27T15:01:00
ORD-000109,CUST-0121,2024-09-10T20:57:00,completed,Portland,OR,US,259.36,2024-09-10T20:57:00
ORD-000110,CUST-0109,2024-01-27T10:56:00,pending,Cleveland,OH,US,50.2,2024-01-27T10:56:00
ORD-000111,CUST-0257,2023-10-17T12:51:00,completed,San Diego,CA,US,38.96,2023-10-17T12:51:00
ORD-000112,CUST-0212,2024-03-08T14:37:00,pending,Houston,TX,US,792.41,2024-03-08T14:37:00
ORD-000113,CUST-0101,2024-12-14T11:24:00,cancelled,Miami,FL,US,77.76,2024-12-14T11:24:00
ORD-000114,CUST-0287,2025-03-25T12:50:00,cancelled,New York,NY,US,230.51,2025-03-25T12:50:00
ORD-000115,CUST-0294,2023-01-19T18:59:00,pending,Sacramento,CA,US,177.84,2023-01-19T18:59:00
ORD-000116,CUST-0070,2024-11-03T09:28:00,completed,San Diego,CA,US,245.7,2024-11-03T09:28:00
ORD-000117,CUST-0137,2024-09-09T11:36:00,completed,Portland,OR,US,629.81,2024-09-09T11:36:00
ORD-000118,CUST-0191,2023-09-13T12:15:00,completed,San Jose,CA,US,128.7,2023-09-13T12:15:00
ORD-000119,CUST-0176,2023-11-16T13:17:00,completed,Chicago,IL,US,459.18,2023-11-16T13:17:00
ORD-000120,CUST-0198,2024-12-20T12:51:00,completed,Minneapolis,MN,US,61.21,2024-12-20T12:51:00
ORD-000121,CUST-0051,2023-11-19T08:02:00,completed,Los Angeles,CA,US,39.32,2023-11-19T08:02:00
ORD-000122,CUST-0137,2024-12-04T09:50:00,completed,Portland,OR,US,203.0,2024-12-04T09:50:00
ORD-000123,CUST-0042,2024-09-09T18:36:00,completed,San Diego,CA,US,402.21,2024-09-09T18:36:00
ORD-000124,CUST-0035,2023-12-11T14:59:00,completed,New York,NY,US,92.87,2023-12-11T14:59:00
ORD-000125,CUST-0058,2025-04-14T10:01:00,completed,Los Angeles,CA,US,529.41,2025-04-14T10:01:00
ORD-000126,CUST-0121,2024-06-30T20:55:00,completed,Portland,OR,US,154.71,2024-06-30T20:55:00
ORD-000127,CUST-0295,2024-07-12T08:56:00,completed,San Jose,CA,US,455.56,2024-07-12T08:56:00
ORD-000128,CUST-0177,2024-11-28T11:16:00,completed,Memphis,TN,US,440.49,2024-11-28T11:16:00
ORD-000129,CUST-0266,2023-07-17T17:27:00,completed,Las Vegas,NV,US,397.21,2023-07-17T17:27:00
ORD-000130,CUST-0214,2025-01-04T16:10:00,completed,New York,NY,US,34.75,2025-01-04T16:10:00
ORD-000131,CUST-0128,2024-03-22T15:14:00,completed,Atlanta,GA,US,81.33,2024-03-22T15:14:00
ORD-000132,CUST-0089,2024-08-28T19:39:00,completed,Los Angeles,CA,US,322.15,2024-08-28T19:39:00
ORD-000133,CUST-0298,2023-01-21T21:01:00,completed,Minneapolis,MN,US,546.41,2023-01-21T21:01:00
ORD-000134,CUST-0032,2023-03-25T17:43:00,completed,Las Vegas,NV,US,195.03,2023-03-25T17:43:00
ORD-000135,CUST-0293,2023-10-10T12:17:00,completed,San Antonio,TX,US,30.12,2023-10-10T12:17:00
ORD-000136,CUST-0054,2024-01-10T10:03:00,completed,Seattle,WA,US,122.6,2024-01-10T10:03:00
ORD-000137,CUST-0202,2024-11-04T12:19:00,pending,San Antonio,TX,US,41.16,2024-11-04T12:19:00
ORD-000138,CUST-0205,2025-01-03T20:49:00,cancelled,Chicago,IL,US,337.05,2025-01-03T20:49:00
ORD-000139,CUST-0125,2023-12-15T12:14:00,completed,Kansas City,MO,US,332.52,2023-12-15T12:14:00
ORD-000140,CUST-0215,2024-12-07T10:29:00,completed,Portland,OR,US,210.47,2024-12-07T10:29:00
ORD-000141,CUST-0268,2023-08-24T10:34:00,cancelled,Austin,TX,US,169.19,2023-08-24T10:34:00
ORD-000142,CUST-0275,2023-03-26T12:09:00,completed,Memphis,TN,US,241.8,2023-03-26T12:09:00
ORD-000143,CUST-0161,2023-09-05T08:30:00,completed,Los Angeles,CA,US,96.76,2023-09-05T08:30:00
ORD-000144,CUST-0069,2023-01-01T09:26:00,cancelled,San Diego,CA,US,346.36,2023-01-01T09:26:00
ORD-000145,CUST-0233,2023-03-29T08:20:00,completed,Kansas City,MO,US,168.8,2023-03-29T08:20:00
ORD-000146,CUST-0225,2024-12-26T12:10:00,completed,Boston,MA,US,230.62,2024-12-26T12:10:00
ORD-000147,CUST-0045,2023-02-27T20:16:00,pending,Chicago,IL,US,1044.73,2023-02-27T20:16:00
ORD-000148,CUST-0166,2024-04-20T14:49:00,completed,Boston,MA,US,159.69,2024-04-20T14:49:00
ORD-000149,CUST-0028,2024-01-09T13:32:00,completed,Las Vegas,NV,US,79.6,2024-01-09T13:32:00
ORD-000150,CUST-0177,2023-08-16T12:45:00,completed,Memphis,TN,US,208.86,2023-08-16T12:45:00
ORD-000151,CUST-0152,2024-04-20T18:42:00,completed,San Antonio,TX,US,327.87,2024-04-20T18:42:00
ORD-000152,CUST-0093,2023-11-21T13:13:00,completed,Los Angeles,CA,US,89.93,2023-11-21T13:13:00
ORD-000153,CUST-0063,2024-07-26T18:57:00,completed,Philadelphia,PA,US,507.69,2024-07-26T18:57:00
ORD-000154,CUST-0228,2023-03-17T12:10:00,completed,New York,NY,US,87.3,2023-03-17T12:10:00
ORD-000155,CUST-0053,2023-02-08T19:03:00,completed,Cleveland,OH,US,138.57,2023-02-08T19:03:00
ORD-000156,CUST-0210,2025-05-23T19:08:00,returned,Boston,MA,US,66.59,2025-05-23T19:08:00
ORD-000157,CUST-0197,2023-06-08T14:55:00,completed,Sacramento,CA,US,191.98,2023-06-08T14:55:00
ORD-000158,CUST-0056,2025-02-10T21:58:00,returned,Atlanta,GA,US,414.7,2025-02-10T21:58:00
ORD-000159,CUST-0262,2024-02-05T10:37:00,completed,Dallas,TX,US,1197.35,2024-02-05T10:37:00
ORD-000160,CUST-0142,2024-08-01T21:17:00,completed,Boston,MA,US,422.57,2024-08-01T21:17:00
ORD-000161,CUST-0221,2023-01-06T15:44:00,completed,Seattle,WA,US,234.87,2023-01-06T15:44:00
ORD-000162,CUST-0116,2024-12-31T13:42:00,completed,Nashville,TN,US,612.38,2024-12-31T13:42:00
ORD-000163,CUST-0008,2024-04-12T08:55:00,completed,Portland,OR,US,19.12,2024-04-12T08:55:00
ORD-000164,CUST-0112,2024-03-04T16:15:00,completed,Miami,FL,US,105.19,2024-03-04T16:15:00
ORD-000165,CUST-0126,2023-08-17T18:06:00,pending,Atlanta,GA,US,206.01,2023-08-17T18:06:00
ORD-000166,CUST-0105,2024-05-09T10:23:00,pending,Seattle,WA,US,30.14,2024-05-09T10:23:00
ORD-000167,CUST-0082,2023-04-27T15:09:00,completed,Boston,MA,US,401.84,2023-04-27T15:09:00
ORD-000168,CUST-0136,2024-05-12T16:40:00,pending,Austin,TX,US,53.99,2024-05-12T16:40:00
ORD-000169,CUST-0020,2023-11-16T08:00:00,completed,Dallas,TX,US,799.69,2023-11-16T08:00:00
ORD-000170,CUST-0180,2025-02-27T18:38:00,pending,Boston,MA,US,193.76,2025-02-27T18:38:00
ORD-000171,CUST-0052,2025-01-10T20:05:00,completed,Houston,TX,US,186.94,2025-01-10T20:05:00
ORD-000172,CUST-0250,2024-02-24T19:56:00,completed,Raleigh,NC,US,883.37,2024-02-24T19:56:00
ORD-000173,CUST-0018,2023-10-27T11:28:00,completed,Phoenix,AZ,US,219.12,2023-10-27T11:28:00
ORD-000174,CUST-0140,2023-06-22T12:40:00,completed,Sacramento,CA,US,204.84,2023-06-22T12:40:00
ORD-000175,CUST-0065,2025-02-26T09:24:00,completed,Memphis,TN,US,365.76,2025-02-26T09:24:00
ORD-000176,CUST-0032,2024-01-08T15:10:00,completed,Las Vegas,NV,US,116.82,2024-01-08T15:10:00
ORD-000177,CUST-0041,2024-07-28T20:10:00,completed,Minneapolis,MN,US,283.03,2024-07-28T20:10:00
ORD-000178,CUST-0104,2023-11-15T11:03:00,completed,San Antonio,TX,US,308.06,2023-11-15T11:03:00
ORD-000179,CUST-0108,2023-10-29T11:55:00,completed,Philadelphia,PA,US,185.82,2023-10-29T11:55:00
ORD-000180,CUST-0126,2023-07-01T19:53:00,completed,Atlanta,GA,US,326.42,2023-07-01T19:53:00
ORD-000181,CUST-0279,2024-09-08T09:45:00,completed,Denver,CO,US,24.98,2024-09-08T09:45:00
ORD-000182,CUST-0016,2023-04-12T14:37:00,completed,Memphis,TN,US,327.87,2023-04-12T14:37:00
ORD-000183,CUST-0037,2023-06-25T19:57:00,pending,Denver,CO,US,105.47,2023-06-25T19:57:00
ORD-000184,CUST-0032,2024-12-24T17:31:00,completed,Las Vegas,NV,US,79.16,2024-12-24T17:31:00
ORD-000185,CUST-0300,2024-01-26T08:12:00,completed,Las Vegas,NV,US,108.72,2024-01-26T08:12:00
ORD-000186,CUST-0019,2023-10-13T14:56:00,completed,Portland,OR,US,104.81,2023-10-13T14:56:00
ORD-000187,CUST-0174,2025-03-18T19:55:00,completed,Portland,OR,US,304.17,2025-03-18T19:55:00
ORD-000188,CUST-0241,2025-05-13T12:29:00,completed,Austin,TX,US,60.45,2025-05-13T12:29:00
ORD-000189,CUST-0149,2023-09-13T21:57:00,completed,Las Vegas,NV,US,792.58,2023-09-13T21:57:00
ORD-000190,CUST-0242,2023-12-17T19:35:00,completed,San Antonio,TX,US,992.66,2023-12-17T19:35:00
ORD-000191,CUST-0039,2024-07-31T12:13:00,completed,San Antonio,TX,US,545.65,2024-07-31T12:13:00
ORD-000192,CUST-0295,2023-04-02T19:51:00,completed,San Jose,CA,US,386.03,2023-04-02T19:51:00
ORD-000193,CUST-0177,2024-05-24T13:40:00,completed,Memphis,TN,US,115.88,2024-05-24T13:40:00
ORD-000194,CUST-0132,2024-01-16T19:37:00,completed,Atlanta,GA,US,397.86,2024-01-16T19:37:00
ORD-000195,CUST-0279,2024-12-08T21:43:00,completed,Denver,CO,US,344.55,2024-12-08T21:43:00
ORD-000196,CUST-0232,2023-10-18T11:27:00,returned,Philadelphia,PA,US,79.78,2023-10-18T11:27:00
ORD-000197,CUST-0171,2023-12-05T14:17:00,completed,San Diego,CA,US,176.42,2023-12-05T14:17:00
ORD-000198,CUST-0106,2024-05-03T13:19:00,returned,Dallas,TX,US,197.48,2024-05-03T13:19:00
ORD-000199,CUST-0104,2023-03-04T13:31:00,completed,San Antonio,TX,US,293.48,2023-03-04T13:31:00
ORD-000200,CUST-0092,2023-05-27T15:43:00,returned,Atlanta,GA,US,34.47,2023-05-27T15:43:00
ORD-000201,CUST-0117,2025-01-31T11:46:00,completed,Houston,TX,US,38.97,2025-01-31T11:46:00
ORD-000202,CUST-0228,2024-10-28T15:15:00,completed,New York,NY,US,250.12,2024-10-28T15:15:00
ORD-000203,CUST-0249,2025-05-06T20:10:00,completed,Houston,TX,US,324.2,2025-05-06T20:10:00
ORD-000204,CUST-0032,2024-08-13T21:03:00,completed,Las Vegas,NV,US,102.92,2024-08-13T21:03:00
ORD-000205,CUST-0284,2025-01-17T13:06:00,cancelled,Denver,CO,US,182.72,2025-01-17T13:06:00
ORD-000206,CUST-0277,2024-05-25T21:00:00,completed,New York,NY,US,26.78,2024-05-25T21:00:00
ORD-000207,CUST-0012,2025-04-05T17:54:00,completed,Houston,TX,US,119.21,2025-04-05T17:54:00
ORD-000208,CUST-0025,2023-01-24T12:44:00,completed,Seattle,WA,US,38.5,2023-01-24T12:44:00
ORD-000209,CUST-0256,2023-07-31T14:12:00,completed,Sacramento,CA,US,74.32,2023-07-31T14:12:00
ORD-000210,CUST-0136,2023-01-05T15:47:00,cancelled,Austin,TX,US,149.13,2023-01-05T15:47:00
ORD-000211,CUST-0100,2025-02-15T20:59:00,completed,Nashville,TN,US,39.99,2025-02-15T20:59:00
ORD-000212,CUST-0256,2024-05-13T08:16:00,completed,Sacramento,CA,US,230.68,2024-05-13T08:16:00
ORD-000213,CUST-0049,2024-01-19T18:08:00,completed,San Diego,CA,US,196.52,2024-01-19T18:08:00
ORD-000214,CUST-0065,2024-04-18T11:57:00,completed,Memphis,TN,US,22.23,2024-04-18T11:57:00
ORD-000215,CUST-0290,2024-11-29T19:51:00,completed,Memphis,TN,US,195.48,2024-11-29T19:51:00
ORD-000216,CUST-0280,2024-06-08T21:52:00,completed,Boston,MA,US,900.6,2024-06-08T21:52:00
ORD-000217,CUST-0113,2023-04-14T09:23:00,pending,Atlanta,GA,US,32.99,2023-04-14T09:23:00
ORD-000218,CUST-0152,2024-02-29T11:33:00,completed,San Antonio,TX,US,232.24,2024-02-29T11:33:00
ORD-000219,CUST-0295,2024-10-05T16:54:00,completed,San Jose,CA,US,404.16,2024-10-05T16:54:00
ORD-000220,CUST-0281,2023-11-23T09:25:00,completed,San Antonio,TX,US,207.97,2023-11-23T09:25:00
ORD-000221,CUST-0036,2025-02-16T19:13:00,pending,Seattle,WA,US,186.18,2025-02-16T19:13:00
ORD-000222,CUST-0021,2023-09-08T17:18:00,completed,Cleveland,OH,US,241.41,2023-09-08T17:18:00
ORD-000223,CUST-0263,2023-02-28T08:56:00,completed,Nashville,TN,US,140.02,2023-02-28T08:56:00
ORD-000224,CUST-0152,2024-02-13T14:41:00,completed,San Antonio,TX,US,287.84,2024-02-13T14:41:00
ORD-000225,CUST-0050,2024-07-06T17:06:00,completed,Sacramento,CA,US,62.98,2024-07-06T17:06:00
ORD-000226,CUST-0238,2024-06-29T09:02:00,completed,Cleveland,OH,US,409.22,2024-06-29T09:02:00
ORD-000227,CUST-0139,2025-04-27T15:55:00,completed,Seattle,WA,US,400.53,2025-04-27T15:55:00
ORD-000228,CUST-0135,2023-05-04T16:11:00,completed,Sacramento,CA,US,62.1,2023-05-04T16:11:00
ORD-000229,CUST-0104,2023-06-13T09:30:00,cancelled,San Antonio,TX,US,837.27,2023-06-13T09:30:00
ORD-000230,CUST-0060,2023-12-24T11:48:00,completed,Los Angeles,CA,US,423.42,2023-12-24T11:48:00
ORD-000231,CUST-0293,2023-08-05T09:34:00,completed,San Antonio,TX,US,75.46,2023-08-05T09:34:00
ORD-000232,CUST-0298,2025-02-07T20:38:00,completed,Minneapolis,MN,US,258.89,2025-02-07T20:38:00
ORD-000233,CUST-0129,2023-04-28T14:21:00,completed,Miami,FL,US,88.82,2023-04-28T14:21:00
ORD-000234,CUST-0062,2024-04-16T13:59:00,completed,Austin,TX,US,60.69,2024-04-16T13:59:00
ORD-000235,CUST-0288,2024-08-05T08:12:00,completed,Houston,TX,US,33.18,2024-08-05T08:12:00
ORD-000236,CUST-0164,2023-09-24T15:54:00,completed,Boston,MA,US,103.24,2023-09-24T15:54:00
ORD-000237,CUST-0014,2023-10-02T21:45:00,pending,Dallas,TX,US,88.47,2023-10-02T21:45:00
ORD-000238,CUST-0274,2023-04-14T11:03:00,completed,Portland,OR,US,325.01,2023-04-14T11:03:00
ORD-000239,CUST-0251,2025-04-06T10:43:00,completed,San Jose,CA,US,23.62,2025-04-06T10:43:00
ORD-000240,CUST-0021,2025-03-18T20:34:00,completed,Cleveland,OH,US,323.85,2025-03-18T20:34:00
ORD-000241,CUST-0120,2024-11-30T14:59:00,completed,Atlanta,GA,US,138.6,2024-11-30T14:59:00
ORD-000242,CUST-0052,2025-05-04T12:18:00,pending,Houston,TX,US,196.6,2025-05-04T12:18:00
ORD-000243,CUST-0057,2024-03-28T12:11:00,returned,Kansas City,MO,US,38.96,2024-03-28T12:11:00
ORD-000244,CUST-0060,2023-03-25T17:52:00,completed,Los Angeles,CA,US,174.71,2023-03-25T17:52:00
ORD-000245,CUST-0213,2024-04-21T19:07:00,returned,Denver,CO,US,274.63,2024-04-21T19:07:00
ORD-000246,CUST-0186,2025-01-12T13:56:00,completed,Los Angeles,CA,US,350.04,2025-01-12T13:56:00
ORD-000247,CUST-0039,2025-03-24T19:18:00,completed,San Antonio,TX,US,245.16,2025-03-24T19:18:00
ORD-000248,CUST-0117,2024-04-24T21:53:00,completed,Houston,TX,US,202.21,2024-04-24T21:53:00
ORD-000249,CUST-0292,2024-01-22T17:45:00,completed,Cleveland,OH,US,996.74,2024-01-22T17:45:00
ORD-000250,CUST-0137,2024-02-07T20:23:00,completed,Portland,OR,US,68.26,2024-02-07T20:23:00
ORD-000251,CUST-0109,2023-06-21T13:06:00,completed,Cleveland,OH,US,76.06,2023-06-21T13:06:00
ORD-000252,CUST-0218,2023-03-10T15:46:00,completed,Houston,TX,US,396.44,2023-03-10T15:46:00
ORD-000253,CUST-0134,2023-06-20T21:50:00,completed,Portland,OR,US,39.0,2023-06-20T21:50:00
ORD-000254,CUST-0027,2023-02-01T12:09:00,cancelled,Raleigh,NC,US,119.35,2023-02-01T12:09:00
ORD-000255,CUST-0062,2023-09-07T21:49:00,completed,Austin,TX,US,299.32,2023-09-07T21:49:00
ORD-000256,CUST-0116,2024-03-30T17:56:00,cancelled,Nashville,TN,US,39.29,2024-03-30T17:56:00
ORD-000257,CUST-0294,2023-02-05T11:33:00,completed,Sacramento,CA,US,184.52,2023-02-05T11:33:00
ORD-000258,CUST-0107,2023-05-16T21:03:00,completed,Dallas,TX,US,123.82,2023-05-16T21:03:00
ORD-000259,CUST-0059,2023-05-12T15:21:00,cancelled,Phoenix,AZ,US,202.19,2023-05-12T15:21:00
ORD-000260,CUST-0079,2024-04-18T17:37:00,pending,Raleigh,NC,US,77.36,2024-04-18T17:37:00
ORD-000261,CUST-0061,2024-03-23T19:51:00,completed,Miami,FL,US,39.09,2024-03-23T19:51:00
ORD-000262,CUST-0196,2025-02-01T16:56:00,completed,Memphis,TN,US,71.2,2025-02-01T16:56:00
ORD-000263,CUST-0105,2023-04-09T09:28:00,completed,Seattle,WA,US,109.11,2023-04-09T09:28:00
ORD-000264,CUST-0123,2024-01-22T16:56:00,pending,Boston,MA,US,126.2,2024-01-22T16:56:00
ORD-000265,CUST-0114,2023-10-15T18:07:00,completed,Denver,CO,US,139.15,2023-10-15T18:07:00
ORD-000266,CUST-0127,2023-06-11T16:19:00,completed,Austin,TX,US,54.56,2023-06-11T16:19:00
ORD-000267,CUST-0196,2023-06-03T17:09:00,completed,Memphis,TN,US,147.29,2023-06-03T17:09:00
ORD-000268,CUST-0243,2023-07-21T18:43:00,cancelled,Dallas,TX,US,108.79,2023-07-21T18:43:00
ORD-000269,CUST-0051,2024-09-22T21:45:00,completed,Los Angeles,CA,US,195.29,2024-09-22T21:45:00
ORD-000270,CUST-0247,2023-04-05T16:29:00,completed,Memphis,TN,US,230.92,2023-04-05T16:29:00
ORD-000271,CUST-0156,2023-01-28T15:56:00,completed,Boston,MA,US,624.45,2023-01-28T15:56:00
ORD-000272,CUST-0084,2025-05-27T09:29:00,completed,Cleveland,OH,US,619.05,2025-05-27T09:29:00
ORD-000273,CUST-0144,2025-03-23T13:58:00,completed,Los Angeles,CA,US,63.23,2025-03-23T13:58:00
ORD-000274,CUST-0221,2024-06-06T11:13:00,completed,Seattle,WA,US,72.94,2024-06-06T11:13:00
ORD-000275,CUST-0192,2024-06-23T08:35:00,returned,Seattle,WA,US,19.04,2024-06-23T08:35:00
ORD-000276,CUST-0006,2024-02-18T14:53:00,completed,Los Angeles,CA,US,592.14,2024-02-18T14:53:00
ORD-000277,CUST-0143,2024-09-24T08:48:00,pending,Raleigh,NC,US,310.9,2024-09-24T08:48:00
ORD-000278,CUST-0216,2024-07-25T18:46:00,cancelled,San Diego,CA,US,42.17,2024-07-25T18:46:00
ORD-000279,CUST-0129,2024-02-07T16:11:00,cancelled,Miami,FL,US,214.23,2024-02-07T16:11:00
ORD-000280,CUST-0232,2024-07-10T12:20:00,completed,Philadelphia,PA,US,102.82,2024-07-10T12:20:00
ORD-000281,CUST-0199,2024-11-17T17:55:00,returned,Seattle,WA,US,135.93,2024-11-17T17:55:00
ORD-000282,CUST-0212,2023-11-24T16:25:00,completed,Houston,TX,US,385.41,2023-11-24T16:25:00
ORD-000283,CUST-0244,2023-11-22T15:02:00,completed,Memphis,TN,US,444.39,2023-11-22T15:02:00
ORD-000284,CUST-0147,2024-02-10T15:12:00,completed,San Antonio,TX,US,39.81,2024-02-10T15:12:00
ORD-000285,CUST-0224,2023-11-05T09:23:00,completed,Denver,CO,US,310.05,2023-11-05T09:23:00
ORD-000286,CUST-0113,2024-07-06T09:44:00,completed,Atlanta,GA,US,46.8,2024-07-06T09:44:00
ORD-000287,CUST-0269,2024-10-08T11:33:00,completed,Denver,CO,US,227.83,2024-10-08T11:33:00
ORD-000288,CUST-0030,2025-04-23T19:09:00,completed,Atlanta,GA,US,143.0,2025-04-23T19:09:00
ORD-000289,CUST-0060,2023-12-15T12:19:00,completed,Los Angeles,CA,US,113.7,2023-12-15T12:19:00
ORD-000290,CUST-0057,2025-02-17T18:45:00,completed,Kansas City,MO,US,125.44,2025-02-17T18:45:00
ORD-000291,CUST-0213,2025-01-07T10:45:00,completed,Denver,CO,US,85.7,2025-01-07T10:45:00
ORD-000292,CUST-0237,2024-02-26T19:08:00,completed,Atlanta,GA,US,82.32,2024-02-26T19:08:00
ORD-000293,CUST-0083,2023-08-08T12:22:00,completed,Atlanta,GA,US,455.94,2023-08-08T12:22:00
ORD-000294,CUST-0213,2024-04-30T19:42:00,completed,Denver,CO,US,323.11,2024-04-30T19:42:00
ORD-000295,CUST-0021,2024-01-08T14:14:00,pending,Cleveland,OH,US,535.38,2024-01-08T14:14:00
ORD-000296,CUST-0175,2024-10-21T09:48:00,completed,Austin,TX,US,90.03,2024-10-21T09:48:00
ORD-000297,CUST-0135,2024-01-23T19:16:00,completed,Sacramento,CA,US,140.02,2024-01-23T19:16:00
ORD-000298,CUST-0102,2023-11-15T10:10:00,completed,Dallas,TX,US,123.74,2023-11-15T10:10:00
ORD-000299,CUST-0141,2023-10-30T13:43:00,completed,San Diego,CA,US,448.85,2023-10-30T13:43:00
ORD-000300,CUST-0273,2024-10-25T10:18:00,completed,San Diego,CA,US,291.12,2024-10-25T10:18:00
ORD-000301,CUST-0082,2023-11-19T09:00:00,completed,Boston,MA,US,248.89,2023-11-19T09:00:00
ORD-000302,CUST-0211,2023-09-25T20:22:00,cancelled,Denver,CO,US,197.76,2023-09-25T20:22:00
ORD-000303,CUST-0071,2024-04-20T18:03:00,cancelled,Kansas City,MO,US,150.53,2024-04-20T18:03:00
ORD-000304,CUST-0110,2024-03-15T16:38:00,completed,Seattle,WA,US,97.3,2024-03-15T16:38:00
ORD-000305,CUST-0261,2024-07-04T21:28:00,completed,San Antonio,TX,US,259.37,2024-07-04T21:28:00
ORD-000306,CUST-0133,2025-02-23T19:54:00,completed,Boston,MA,US,8.05,2025-02-23T19:54:00
ORD-000307,CUST-0238,2023-11-13T14:45:00,completed,Cleveland,OH,US,675.15,2023-11-13T14:45:00
ORD-000308,CUST-0214,2023-01-14T16:28:00,completed,New York,NY,US,405.54,2023-01-14T16:28:00
ORD-000309,CUST-0149,2024-03-09T13:27:00,completed,Las Vegas,NV,US,208.31,2024-03-09T13:27:00
ORD-000310,CUST-0230,2024-05-02T16:50:00,returned,Raleigh,NC,US,183.78,2024-05-02T16:50:00
ORD-000311,CUST-0033,2024-09-20T11:11:00,pending,Phoenix,AZ,US,431.46,2024-09-20T11:11:00
ORD-000312,CUST-0021,2025-01-17T18:59:00,completed,Cleveland,OH,US,56.2,2025-01-17T18:59:00
ORD-000313,CUST-0262,2023-04-15T20:09:00,completed,Dallas,TX,US,93.04,2023-04-15T20:09:00
ORD-000314,CUST-0039,2023-12-21T18:16:00,pending,San Antonio,TX,US,157.02,2023-12-21T18:16:00
ORD-000315,CUST-0182,2024-07-08T21:25:00,completed,Raleigh,NC,US,53.54,2024-07-08T21:25:00
ORD-000316,CUST-0299,2024-05-06T16:17:00,completed,Dallas,TX,US,45.32,2024-05-06T16:17:00
ORD-000317,CUST-0051,2023-07-17T10:44:00,completed,Los Angeles,CA,US,49.12,2023-07-17T10:44:00
ORD-000318,CUST-0189,2025-04-17T18:24:00,completed,Raleigh,NC,US,218.98,2025-04-17T18:24:00
ORD-000319,CUST-0251,2023-01-03T17:40:00,completed,San Jose,CA,US,251.04,2023-01-03T17:40:00
ORD-000320,CUST-0222,2023-06-04T11:48:00,returned,Denver,CO,US,182.08,2023-06-04T11:48:00
ORD-000321,CUST-0080,2025-03-23T20:46:00,completed,Chicago,IL,US,484.12,2025-03-23T20:46:00
ORD-000322,CUST-0090,2024-08-20T21:48:00,completed,Austin,TX,US,568.26,2024-08-20T21:48:00
ORD-000323,CUST-0071,2025-04-27T11:20:00,returned,Kansas City,MO,US,20.81,2025-04-27T11:20:00
ORD-000324,CUST-0169,2023-08-22T08:25:00,returned,Austin,TX,US,168.49,2023-08-22T08:25:00
ORD-000325,CUST-0130,2024-09-08T11:46:00,pending,Boston,MA,US,39.15,2024-09-08T11:46:00
ORD-000326,CUST-0183,2024-11-11T16:22:00,completed,Miami,FL,US,186.09,2024-11-11T16:22:00
ORD-000327,CUST-0251,2025-01-11T10:40:00,completed,San Jose,CA,US,148.26,2025-01-11T10:40:00
ORD-000328,CUST-0172,2024-05-18T13:59:00,cancelled,Austin,TX,US,229.67,2024-05-18T13:59:00
ORD-000329,CUST-0012,2023-07-04T10:53:00,completed,Houston,TX,US,43.49,2023-07-04T10:53:00
ORD-000330,CUST-0219,2024-12-15T18:05:00,completed,San Antonio,TX,US,305.38,2024-12-15T18:05:00
ORD-000331,CUST-0119,2023-10-26T18:09:00,completed,Miami,FL,US,399.21,2023-10-26T18:09:00
ORD-000332,CUST-0071,2023-06-16T10:11:00,completed,Kansas City,MO,US,797.82,2023-06-16T10:11:00
ORD-000333,CUST-0124,2024-01-19T14:44:00,cancelled,Denver,CO,US,135.28,2024-01-19T14:44:00
ORD-000334,CUST-0158,2024-07-20T18:41:00,completed,Los Angeles,CA,US,67.04,2024-07-20T18:41:00
ORD-000335,CUST-0295,2023-05-26T13:39:00,completed,San Jose,CA,US,329.38,2023-05-26T13:39:00
ORD-000336,CUST-0073,2025-03-25T09:14:00,returned,Houston,TX,US,59.14,2025-03-25T09:14:00
ORD-000337,CUST-0219,2023-03-18T18:58:00,completed,San Antonio,TX,US,45.87,2023-03-18T18:58:00
ORD-000338,CUST-0125,2024-02-17T09:12:00,completed,Kansas City,MO,US,60.52,2024-02-17T09:12:00
ORD-000339,CUST-0056,2023-12-22T14:14:00,completed,Atlanta,GA,US,88.44,2023-12-22T14:14:00
ORD-000340,CUST-0058,2024-12-03T10:54:00,completed,Los Angeles,CA,US,92.97,2024-12-03T10:54:00
ORD-000341,CUST-0241,2024-07-15T11:36:00,completed,Austin,TX,US,449.18,2024-07-15T11:36:00
ORD-000342,CUST-0036,2023-08-13T11:08:00,completed,Seattle,WA,US,985.34,2023-08-13T11:08:00
ORD-000343,CUST-0284,2024-03-28T13:55:00,completed,Denver,CO,US,487.42,2024-03-28T13:55:00
ORD-000344,CUST-0121,2025-01-16T16:23:00,completed,Portland,OR,US,190.14,2025-01-16T16:23:00
ORD-000345,CUST-0011,2023-03-17T10:47:00,completed,San Diego,CA,US,186.92,2023-03-17T10:47:00
ORD-000346,CUST-0131,2024-11-21T10:12:00,completed,Houston,TX,US,18.86,2024-11-21T10:12:00
ORD-000347,CUST-0276,2024-06-25T19:14:00,pending,Denver,CO,US,125.03,2024-06-25T19:14:00
ORD-000348,CUST-0022,2023-07-20T15:03:00,cancelled,Miami,FL,US,48.41,2023-07-20T15:03:00
ORD-000349,CUST-0261,2024-04-22T12:05:00,completed,San Antonio,TX,US,108.72,2024-04-22T12:05:00
ORD-000350,CUST-0162,2024-11-01T16:07:00,completed,Austin,TX,US,263.78,2024-11-01T16:07:00
ORD-000351,CUST-0235,2023-05-21T21:06:00,completed,Chicago,IL,US,48.64,2023-05-21T21:06:00
ORD-000352,CUST-0293,2024-01-25T08:52:00,completed,San Antonio,TX,US,387.35,2024-01-25T08:52:00
ORD-000353,CUST-0159,2025-05-18T18:02:00,pending,Memphis,TN,US,86.89,2025-05-18T18:02:00
ORD-000354,CUST-0049,2024-10-22T16:17:00,completed,San Diego,CA,US,403.07,2024-10-22T16:17:00
ORD-000355,CUST-0036,2025-05-20T11:18:00,completed,Seattle,WA,US,66.36,2025-05-20T11:18:00
ORD-000356,CUST-0202,2024-03-21T15:34:00,cancelled,San Antonio,TX,US,31.74,2024-03-21T15:34:00
ORD-000357,CUST-0119,2025-01-03T19:57:00,cancelled,Miami,FL,US,56.63,2025-01-03T19:57:00
ORD-000358,CUST-0240,2023-08-06T18:44:00,completed,San Antonio,TX,US,59.14,2023-08-06T18:44:00
ORD-000359,CUST-0204,2023-08-12T15:47:00,completed,Sacramento,CA,US,152.56,2023-08-12T15:47:00
ORD-000360,CUST-0102,2024-12-02T14:57:00,completed,Dallas,TX,US,247.24,2024-12-02T14:57:00
ORD-000361,CUST-0217,2024-12-19T20:09:00,returned,Kansas City,MO,US,265.04,2024-12-19T20:09:00
ORD-000362,CUST-0118,2023-11-07T12:38:00,completed,Austin,TX,US,59.94,2023-11-07T12:38:00
ORD-000363,CUST-0143,2023-03-04T21:13:00,completed,Raleigh,NC,US,197.5,2023-03-04T21:13:00
ORD-000364,CUST-0180,2023-12-30T16:52:00,completed,Boston,MA,US,121.62,2023-12-30T16:52:00
ORD-000365,CUST-0086,2024-03-31T19:36:00,completed,Kansas City,MO,US,175.11,2024-03-31T19:36:00
ORD-000366,CUST-0184,2025-05-14T14:53:00,pending,San Jose,CA,US,163.41,2025-05-14T14:53:00
ORD-000367,CUST-0091,2023-08-09T18:12:00,completed,San Jose,CA,US,38.25,2023-08-09T18:12:00
ORD-000368,CUST-0071,2024-06-18T12:39:00,cancelled,Kansas City,MO,US,129.81,2024-06-18T12:39:00
ORD-000369,CUST-0249,2025-04-16T08:27:00,completed,Houston,TX,US,415.96,2025-04-16T08:27:00
ORD-000370,CUST-0276,2024-09-19T12:33:00,completed,Denver,CO,US,761.22,2024-09-19T12:33:00
ORD-000371,CUST-0149,2024-02-23T08:27:00,completed,Las Vegas,NV,US,423.61,2024-02-23T08:27:00
ORD-000372,CUST-0246,2025-02-02T18:01:00,pending,Las Vegas,NV,US,432.06,2025-02-02T18:01:00
ORD-000373,CUST-0119,2024-01-03T21:52:00,completed,Miami,FL,US,138.84,2024-01-03T21:52:00
ORD-000374,CUST-0108,2024-10-23T15:15:00,completed,Philadelphia,PA,US,335.99,2024-10-23T15:15:00
ORD-000375,CUST-0260,2023-07-16T18:44:00,cancelled,Portland,OR,US,558.95,2023-07-16T18:44:00
ORD-000376,CUST-0090,2023-07-10T15:31:00,completed,Austin,TX,US,173.84,2023-07-10T15:31:00
ORD-000377,CUST-0234,2024-12-05T11:47:00,completed,Los Angeles,CA,US,96.08,2024-12-05T11:47:00
ORD-000378,CUST-0123,2023-01-24T12:57:00,completed,Boston,MA,US,122.73,2023-01-24T12:57:00
ORD-000379,CUST-0214,2023-04-06T16:22:00,completed,New York,NY,US,40.66,2023-04-06T16:22:00
ORD-000380,CUST-0279,2024-04-13T09:28:00,completed,Denver,CO,US,28.09,2024-04-13T09:28:00
ORD-000381,CUST-0135,2023-02-23T16:18:00,completed,Sacramento,CA,US,182.92,2023-02-23T16:18:00
ORD-000382,CUST-0006,2025-02-22T19:48:00,completed,Los Angeles,CA,US,459.18,2025-02-22T19:48:00
ORD-000383,CUST-0105,2025-05-06T16:07:00,completed,Seattle,WA,US,171.64,2025-05-06T16:07:00
ORD-000384,CUST-0079,2025-05-07T10:54:00,completed,Raleigh,NC,US,145.09,2025-05-07T10:54:00
ORD-000385,CUST-0277,2024-12-29T12:49:00,completed,New York,NY,US,76.98,2024-12-29T12:49:00
ORD-000386,CUST-0088,2023-07-06T09:05:00,completed,Seattle,WA,US,72.4,2023-07-06T09:05:00
ORD-000387,CUST-0037,2023-12-02T08:03:00,returned,Denver,CO,US,588.09,2023-12-02T08:03:00
ORD-000388,CUST-0027,2023-03-07T08:07:00,completed,Raleigh,NC,US,680.24,2023-03-07T08:07:00
ORD-000389,CUST-0249,2024-10-10T16:05:00,pending,Houston,TX,US,303.47,2024-10-10T16:05:00
ORD-000390,CUST-0012,2024-07-10T13:52:00,completed,Houston,TX,US,102.53,2024-07-10T13:52:00
ORD-000391,CUST-0192,2024-01-24T15:56:00,completed,Seattle,WA,US,114.52,2024-01-24T15:56:00
ORD-000392,CUST-0125,2024-01-30T17:20:00,completed,Kansas City,MO,US,534.53,2024-01-30T17:20:00
ORD-000393,CUST-0141,2023-03-02T10:25:00,pending,San Diego,CA,US,97.63,2023-03-02T10:25:00
ORD-000394,CUST-0235,2023-08-18T13:09:00,pending,Chicago,IL,US,31.1,2023-08-18T13:09:00
ORD-000395,CUST-0074,2024-12-06T19:41:00,completed,Phoenix,AZ,US,588.54,2024-12-06T19:41:00
ORD-000396,CUST-0286,2024-08-28T17:51:00,cancelled,San Diego,CA,US,64.51,2024-08-28T17:51:00
ORD-000397,CUST-0024,2025-02-16T18:12:00,completed,Los Angeles,CA,US,209.78,2025-02-16T18:12:00
ORD-000398,CUST-0226,2023-07-11T14:41:00,completed,Chicago,IL,US,466.55,2023-07-11T14:41:00
ORD-000399,CUST-0273,2023-04-09T12:59:00,completed,San Diego,CA,US,166.58,2023-04-09T12:59:00
ORD-000400,CUST-0075,2023-09-13T12:33:00,completed,Minneapolis,MN,US,41.73,2023-09-13T12:33:00
ORD-000401,CUST-0187,2024-01-28T16:09:00,completed,Phoenix,AZ,US,952.48,2024-01-28T16:09:00
ORD-000402,CUST-0278,2023-04-30T12:41:00,completed,Phoenix,AZ,US,587.7,2023-04-30T12:41:00
ORD-000403,CUST-0203,2024-05-08T17:36:00,completed,Philadelphia,PA,US,111.12,2024-05-08T17:36:00
ORD-000404,CUST-0226,2024-01-30T08:24:00,completed,Chicago,IL,US,559.44,2024-01-30T08:24:00
ORD-000405,CUST-0027,2025-05-28T11:19:00,completed,Raleigh,NC,US,89.46,2025-05-28T11:19:00
ORD-000406,CUST-0250,2024-10-17T18:14:00,pending,Raleigh,NC,US,1044.15,2024-10-17T18:14:00
ORD-000407,CUST-0249,2024-02-14T15:02:00,pending,Houston,TX,US,144.79,2024-02-14T15:02:00
ORD-000408,CUST-0289,2024-02-21T15:29:00,completed,San Antonio,TX,US,26.16,2024-02-21T15:29:00
ORD-000409,CUST-0186,2024-09-28T20:55:00,completed,Los Angeles,CA,US,27.55,2024-09-28T20:55:00
ORD-000410,CUST-0288,2024-04-11T16:36:00,returned,Houston,TX,US,20.02,2024-04-11T16:36:00
ORD-000411,CUST-0222,2023-04-16T09:24:00,completed,Denver,CO,US,403.23,2023-04-16T09:24:00
ORD-000412,CUST-0201,2024-02-29T15:55:00,completed,Seattle,WA,US,418.89,2024-02-29T15:55:00
ORD-000413,CUST-0149,2024-05-06T14:58:00,returned,Las Vegas,NV,US,104.9,2024-05-06T14:58:00
ORD-000414,CUST-0154,2024-02-02T16:10:00,completed,Minneapolis,MN,US,305.93,2024-02-02T16:10:00
ORD-000415,CUST-0066,2023-05-08T09:35:00,completed,Raleigh,NC,US,329.24,2023-05-08T09:35:00
ORD-000416,CUST-0194,2024-01-16T13:46:00,completed,Kansas City,MO,US,497.55,2024-01-16T13:46:00
ORD-000417,CUST-0221,2024-09-17T08:12:00,completed,Seattle,WA,US,113.43,2024-09-17T08:12:00
ORD-000418,CUST-0293,2023-05-17T09:56:00,returned,San Antonio,TX,US,24.72,2023-05-17T09:56:00
ORD-000419,CUST-0051,2023-12-21T16:11:00,completed,Los Angeles,CA,US,111.08,2023-12-21T16:11:00
ORD-000420,CUST-0119,2024-07-19T12:24:00,completed,Miami,FL,US,51.79,2024-07-19T12:24:00
ORD-000421,CUST-0228,2023-05-15T11:14:00,cancelled,New York,NY,US,40.5,2023-05-15T11:14:00
ORD-000422,CUST-0284,2024-03-17T10:45:00,completed,Denver,CO,US,36.45,2024-03-17T10:45:00
ORD-000423,CUST-0255,2023-11-14T21:48:00,completed,Dallas,TX,US,665.79,2023-11-14T21:48:00
ORD-000424,CUST-0218,2023-09-11T12:15:00,completed,Houston,TX,US,80.4,2023-09-11T12:15:00
ORD-000425,CUST-0079,2024-07-17T16:45:00,returned,Raleigh,NC,US,129.52,2024-07-17T16:45:00
ORD-000426,CUST-0003,2025-05-23T09:31:00,completed,Miami,FL,US,124.6,2025-05-23T09:31:00
ORD-000427,CUST-0192,2024-09-28T20:24:00,cancelled,Seattle,WA,US,177.47,2024-09-28T20:24:00
ORD-000428,CUST-0097,2023-06-29T13:31:00,completed,Minneapolis,MN,US,152.66,2023-06-29T13:31:00
ORD-000429,CUST-0250,2023-07-18T12:56:00,completed,Raleigh,NC,US,62.05,2023-07-18T12:56:00
ORD-000430,CUST-0073,2025-05-19T14:59:00,cancelled,Houston,TX,US,582.21,2025-05-19T14:59:00
ORD-000431,CUST-0272,2024-05-28T19:57:00,completed,Sacramento,CA,US,118.12,2024-05-28T19:57:00
ORD-000432,CUST-0012,2023-10-10T16:32:00,completed,Houston,TX,US,498.0,2023-10-10T16:32:00
ORD-000433,CUST-0169,2023-06-03T15:34:00,completed,Austin,TX,US,674.42,2023-06-03T15:34:00
ORD-000434,CUST-0124,2023-12-27T17:44:00,pending,Denver,CO,US,102.89,2023-12-27T17:44:00
ORD-000435,CUST-0101,2024-01-10T12:31:00,completed,Miami,FL,US,962.53,2024-01-10T12:31:00
ORD-000436,CUST-0130,2023-06-16T15:51:00,returned,Boston,MA,US,175.48,2023-06-16T15:51:00
ORD-000437,CUST-0134,2023-02-19T11:06:00,pending,Portland,OR,US,236.12,2023-02-19T11:06:00
ORD-000438,CUST-0296,2024-05-03T10:01:00,returned,Boston,MA,US,324.19,2024-05-03T10:01:00
ORD-000439,CUST-0095,2023-04-09T10:15:00,completed,Austin,TX,US,186.72,2023-04-09T10:15:00
ORD-000440,CUST-0268,2023-08-31T17:03:00,completed,Austin,TX,US,173.83,2023-08-31T17:03:00
ORD-000441,CUST-0017,2025-03-25T16:48:00,completed,Houston,TX,US,56.41,2025-03-25T16:48:00
ORD-000442,CUST-0007,2025-01-18T09:09:00,completed,Boston,MA,US,345.93,2025-01-18T09:09:00
ORD-000443,CUST-0182,2023-07-21T14:40:00,completed,Raleigh,NC,US,56.13,2023-07-21T14:40:00
ORD-000444,CUST-0115,2023-03-05T14:48:00,completed,Portland,OR,US,136.98,2023-03-05T14:48:00
ORD-000445,CUST-0268,2023-04-22T08:32:00,completed,Austin,TX,US,398.04,2023-04-22T08:32:00
ORD-000446,CUST-0179,2025-03-08T12:32:00,completed,Boston,MA,US,330.36,2025-03-08T12:32:00
ORD-000447,CUST-0046,2025-03-02T10:48:00,completed,Philadelphia,PA,US,319.45,2025-03-02T10:48:00
ORD-000448,CUST-0043,2024-10-01T10:35:00,returned,Las Vegas,NV,US,243.87,2024-10-01T10:35:00
ORD-000449,CUST-0286,2025-02-07T14:33:00,completed,San Diego,CA,US,346.39,2025-02-07T14:33:00
ORD-000450,CUST-0277,2024-02-25T18:21:00,completed,New York,NY,US,302.77,2024-02-25T18:21:00
ORD-000451,CUST-0068,2024-10-09T08:06:00,completed,Nashville,TN,US,586.96,2024-10-09T08:06:00
ORD-000452,CUST-0145,2024-09-19T13:01:00,completed,Las Vegas,NV,US,283.16,2024-09-19T13:01:00
ORD-000453,CUST-0132,2024-04-24T17:14:00,completed,Atlanta,GA,US,350.54,2024-04-24T17:14:00
ORD-000454,CUST-0190,2024-11-16T15:48:00,completed,Philadelphia,PA,US,767.62,2024-11-16T15:48:00
ORD-000455,CUST-0214,2023-02-10T09:51:00,completed,New York,NY,US,20.19,2023-02-10T09:51:00
ORD-000456,CUST-0187,2024-06-16T17:14:00,completed,Phoenix,AZ,US,444.91,2024-06-16T17:14:00
ORD-000457,CUST-0013,2025-02-01T11:34:00,completed,Las Vegas,NV,US,104.24,2025-02-01T11:34:00
ORD-000458,CUST-0049,2024-01-01T09:10:00,completed,San Diego,CA,US,27.24,2024-01-01T09:10:00
ORD-000459,CUST-0248,2024-05-15T20:26:00,completed,Portland,OR,US,421.85,2024-05-15T20:26:00
ORD-000460,CUST-0183,2025-03-30T15:01:00,completed,Miami,FL,US,79.24,2025-03-30T15:01:00
ORD-000461,CUST-0278,2024-04-02T21:30:00,completed,Phoenix,AZ,US,382.46,2024-04-02T21:30:00
ORD-000462,CUST-0262,2024-11-03T18:58:00,completed,Dallas,TX,US,480.83,2024-11-03T18:58:00
ORD-000463,CUST-0272,2023-07-25T21:11:00,completed,Sacramento,CA,US,39.3,2023-07-25T21:11:00
ORD-000464,CUST-0237,2023-03-10T08:50:00,completed,Atlanta,GA,US,694.92,2023-03-10T08:50:00
ORD-000465,CUST-0185,2025-04-07T16:28:00,completed,Los Angeles,CA,US,258.01,2025-04-07T16:28:00
ORD-000466,CUST-0192,2024-05-19T15:09:00,completed,Seattle,WA,US,201.55,2024-05-19T15:09:00
ORD-000467,CUST-0222,2024-09-17T09:42:00,completed,Denver,CO,US,245.43,2024-09-17T09:42:00
ORD-000468,CUST-0056,2025-01-18T15:28:00,completed,Atlanta,GA,US,195.22,2025-01-18T15:28:00
ORD-000469,CUST-0153,2024-04-25T12:55:00,returned,Kansas City,MO,US,474.75,2024-04-25T12:55:00
ORD-000470,CUST-0040,2024-10-08T08:22:00,returned,Raleigh,NC,US,145.41,2024-10-08T08:22:00
ORD-000471,CUST-0053,2023-11-29T11:43:00,completed,Cleveland,OH,US,12.56,2023-11-29T11:43:00
ORD-000472,CUST-0178,2025-04-11T15:44:00,completed,Portland,OR,US,64.14,2025-04-11T15:44:00
ORD-000473,CUST-0065,2025-04-15T20:39:00,completed,Memphis,TN,US,50.78,2025-04-15T20:39:00
ORD-000474,CUST-0060,2025-01-21T18:14:00,completed,Los Angeles,CA,US,117.83,2025-01-21T18:14:00
ORD-000475,CUST-0186,2024-02-26T20:07:00,completed,Los Angeles,CA,US,193.04,2024-02-26T20:07:00
ORD-000476,CUST-0029,2024-09-03T17:59:00,completed,Nashville,TN,US,315.28,2024-09-03T17:59:00
ORD-000477,CUST-0046,2024-02-02T09:40:00,completed,Philadelphia,PA,US,353.44,2024-02-02T09:40:00
ORD-000478,CUST-0258,2023-10-27T12:04:00,completed,Nashville,TN,US,235.52,2023-10-27T12:04:00
ORD-000479,CUST-0143,2024-10-27T18:08:00,completed,Raleigh,NC,US,374.78,2024-10-27T18:08:00
ORD-000480,CUST-0154,2023-10-23T08:50:00,completed,Minneapolis,MN,US,208.68,2023-10-23T08:50:00
ORD-000481,CUST-0157,2023-10-08T19:02:00,completed,Raleigh,NC,US,58.9,2023-10-08T19:02:00
ORD-000482,CUST-0241,2025-04-20T11:39:00,completed,Austin,TX,US,251.62,2025-04-20T11:39:00
ORD-000483,CUST-0035,2023-11-08T20:41:00,completed,New York,NY,US,309.76,2023-11-08T20:41:00
ORD-000484,CUST-0085,2023-05-05T11:09:00,completed,Houston,TX,US,331.33,2023-05-05T11:09:00
ORD-000485,CUST-0207,2023-04-28T08:32:00,completed,Las Vegas,NV,US,243.96,2023-04-28T08:32:00
ORD-000486,CUST-0137,2023-05-04T10:26:00,completed,Portland,OR,US,286.42,2023-05-04T10:26:00
ORD-000487,CUST-0125,2024-04-22T15:16:00,completed,Kansas City,MO,US,119.45,2024-04-22T15:16:00
ORD-000488,CUST-0128,2023-01-29T17:36:00,completed,Atlanta,GA,US,125.52,2023-01-29T17:36:00
ORD-000489,CUST-0113,2023-10-17T17:45:00,completed,Atlanta,GA,US,1257.97,2023-10-17T17:45:00
ORD-000490,CUST-0124,2023-01-13T14:14:00,completed,Denver,CO,US,895.15,2023-01-13T14:14:00
ORD-000491,CUST-0137,2023-10-13T13:45:00,pending,Portland,OR,US,38.85,2023-10-13T13:45:00
ORD-000492,CUST-0002,2023-11-30T19:31:00,completed,Miami,FL,US,470.49,2023-11-30T19:31:00
ORD-000493,CUST-0179,2023-05-08T08:37:00,completed,Boston,MA,US,61.98,2023-05-08T08:37:00
ORD-000494,CUST-0227,2023-11-01T19:25:00,completed,Atlanta,GA,US,138.42,2023-11-01T19:25:00
ORD-000495,CUST-0031,2023-03-27T18:50:00,cancelled,Denver,CO,US,153.14,2023-03-27T18:50:00
ORD-000496,CUST-0098,2023-01-20T21:36:00,completed,Memphis,TN,US,99.32,2023-01-20T21:36:00
ORD-000497,CUST-0230,2025-03-08T11:46:00,pending,Raleigh,NC,US,197.18,2025-03-08T11:46:00
ORD-000498,CUST-0151,2024-07-11T11:55:00,returned,Minneapolis,MN,US,161.56,2024-07-11T11:55:00
ORD-000499,CUST-0295,2024-10-12T08:21:00,completed,San Jose,CA,US,59.5,2024-10-12T08:21:00
ORD-000500,CUST-0288,2024-04-27T15:08:00,pending,Houston,TX,US,319.91,2024-04-27T15:08:00
ORD-000501,CUST-0101,2023-03-23T21:11:00,completed,Miami,FL,US,222.1,2023-03-23T21:11:00
ORD-000502,CUST-0024,2024-02-04T09:50:00,completed,Los Angeles,CA,US,290.47,2024-02-04T09:50:00
ORD-000503,CUST-0098,2023-01-03T14:09:00,returned,Memphis,TN,US,153.45,2023-01-03T14:09:00
ORD-000504,CUST-0088,2024-02-23T08:07:00,completed,Seattle,WA,US,396.59,2024-02-23T08:07:00
ORD-000505,CUST-0016,2024-10-02T21:59:00,completed,Memphis,TN,US,329.85,2024-10-02T21:59:00
ORD-000506,CUST-0237,2024-03-20T08:05:00,completed,Atlanta,GA,US,531.26,2024-03-20T08:05:00
ORD-000507,CUST-0128,2023-01-08T21:43:00,completed,Atlanta,GA,US,279.33,2023-01-08T21:43:00
ORD-000508,CUST-0297,2025-05-06T21:15:00,cancelled,Philadelphia,PA,US,130.77,2025-05-06T21:15:00
ORD-000509,CUST-0152,2024-10-02T20:09:00,completed,San Antonio,TX,US,680.71,2024-10-02T20:09:00
ORD-000510,CUST-0039,2023-09-04T13:51:00,cancelled,San Antonio,TX,US,884.04,2023-09-04T13:51:00
ORD-000511,CUST-0117,2023-10-18T15:54:00,returned,Houston,TX,US,147.35,2023-10-18T15:54:00
ORD-000512,CUST-0069,2023-06-14T17:18:00,completed,San Diego,CA,US,547.79,2023-06-14T17:18:00
ORD-000513,CUST-0010,2023-12-22T13:33:00,completed,New York,NY,US,532.62,2023-12-22T13:33:00
ORD-000514,CUST-0215,2024-08-22T14:10:00,completed,Portland,OR,US,626.74,2024-08-22T14:10:00
ORD-000515,CUST-0203,2023-11-25T11:30:00,completed,Philadelphia,PA,US,322.35,2023-11-25T11:30:00
ORD-000516,CUST-0121,2023-11-04T12:43:00,completed,Portland,OR,US,445.46,2023-11-04T12:43:00
ORD-000517,CUST-0140,2024-07-30T13:06:00,cancelled,Sacramento,CA,US,123.99,2024-07-30T13:06:00
ORD-000518,CUST-0017,2024-05-19T11:12:00,completed,Houston,TX,US,353.01,2024-05-19T11:12:00
ORD-000519,CUST-0271,2024-01-14T12:44:00,completed,Los Angeles,CA,US,192.12,2024-01-14T12:44:00
ORD-000520,CUST-0170,2024-03-12T15:07:00,returned,Sacramento,CA,US,832.37,2024-03-12T15:07:00
ORD-000521,CUST-0072,2024-08-21T18:20:00,completed,Houston,TX,US,117.51,2024-08-21T18:20:00
ORD-000522,CUST-0090,2024-12-12T20:56:00,completed,Austin,TX,US,39.07,2024-12-12T20:56:00
ORD-000523,CUST-0182,2023-05-14T17:24:00,completed,Raleigh,NC,US,247.99,2023-05-14T17:24:00
ORD-000524,CUST-0206,2025-05-25T14:20:00,completed,Raleigh,NC,US,680.46,2025-05-25T14:20:00
ORD-000525,CUST-0049,2023-04-09T15:49:00,completed,San Diego,CA,US,67.42,2023-04-09T15:49:00
ORD-000526,CUST-0235,2023-06-06T14:36:00,completed,Chicago,IL,US,91.2,2023-06-06T14:36:00
ORD-000527,CUST-0005,2023-03-06T20:36:00,completed,Las Vegas,NV,US,434.99,2023-03-06T20:36:00
ORD-000528,CUST-0078,2023-02-04T21:06:00,pending,Dallas,TX,US,235.89,2023-02-04T21:06:00
ORD-000529,CUST-0073,2023-10-24T11:49:00,completed,Houston,TX,US,223.13,2023-10-24T11:49:00
ORD-000530,CUST-0106,2023-09-04T11:11:00,cancelled,Dallas,TX,US,263.01,2023-09-04T11:11:00
ORD-000531,CUST-0114,2024-01-04T13:58:00,completed,Denver,CO,US,352.91,2024-01-04T13:58:00
ORD-000532,CUST-0103,2023-10-17T12:05:00,completed,Seattle,WA,US,162.0,2023-10-17T12:05:00
ORD-000533,CUST-0008,2023-07-19T10:17:00,pending,Portland,OR,US,359.29,2023-07-19T10:17:00
ORD-000534,CUST-0180,2025-05-23T12:55:00,completed,Boston,MA,US,128.08,2025-05-23T12:55:00
ORD-000535,CUST-0152,2024-12-05T15:55:00,completed,San Antonio,TX,US,222.88,2024-12-05T15:55:00
ORD-000536,CUST-0010,2024-11-13T08:45:00,completed,New York,NY,US,71.64,2024-11-13T08:45:00
ORD-000537,CUST-0254,2024-02-27T20:10:00,completed,San Diego,CA,US,219.7,2024-02-27T20:10:00
ORD-000538,CUST-0037,2024-11-07T17:48:00,pending,Denver,CO,US,376.88,2024-11-07T17:48:00
ORD-000539,CUST-0093,2023-03-02T21:29:00,completed,Los Angeles,CA,US,126.03,2023-03-02T21:29:00
ORD-000540,CUST-0279,2025-05-26T14:46:00,completed,Denver,CO,US,48.98,2025-05-26T14:46:00
ORD-000541,CUST-0028,2023-09-01T17:08:00,completed,Las Vegas,NV,US,508.2,2023-09-01T17:08:00
ORD-000542,CUST-0201,2024-11-10T18:47:00,pending,Seattle,WA,US,87.91,2024-11-10T18:47:00
ORD-000543,CUST-0181,2024-04-03T19:20:00,completed,Atlanta,GA,US,216.91,2024-04-03T19:20:00
ORD-000544,CUST-0226,2023-09-01T21:24:00,cancelled,Chicago,IL,US,36.11,2023-09-01T21:24:00
ORD-000545,CUST-0013,2024-08-04T14:27:00,completed,Las Vegas,NV,US,97.92,2024-08-04T14:27:00
ORD-000546,CUST-0292,2023-12-13T19:25:00,completed,Cleveland,OH,US,50.79,2023-12-13T19:25:00
ORD-000547,CUST-0264,2023-06-13T11:51:00,cancelled,Portland,OR,US,424.88,2023-06-13T11:51:00
ORD-000548,CUST-0276,2024-01-11T18:19:00,completed,Denver,CO,US,254.11,2024-01-11T18:19:00
ORD-000549,CUST-0151,2023-02-15T13:28:00,completed,Minneapolis,MN,US,117.94,2023-02-15T13:28:00
ORD-000550,CUST-0113,2024-03-19T08:09:00,pending,Atlanta,GA,US,748.56,2024-03-19T08:09:00
ORD-000551,CUST-0106,2024-06-20T15:33:00,completed,Dallas,TX,US,1306.06,2024-06-20T15:33:00
ORD-000552,CUST-0145,2024-12-27T21:15:00,completed,Las Vegas,NV,US,49.0,2024-12-27T21:15:00
ORD-000553,CUST-0291,2023-01-07T18:29:00,returned,Raleigh,NC,US,312.72,2023-01-07T18:29:00
ORD-000554,CUST-0174,2025-01-09T10:08:00,cancelled,Portland,OR,US,381.93,2025-01-09T10:08:00
ORD-000555,CUST-0158,2024-05-07T10:13:00,pending,Los Angeles,CA,US,900.02,2024-05-07T10:13:00
ORD-000556,CUST-0091,2024-05-30T12:15:00,completed,San Jose,CA,US,73.3,2024-05-30T12:15:00
ORD-000557,CUST-0279,2025-04-09T09:21:00,completed,Denver,CO,US,114.76,2025-04-09T09:21:00
ORD-000558,CUST-0115,2024-09-27T11:03:00,completed,Portland,OR,US,517.92,2024-09-27T11:03:00
ORD-000559,CUST-0180,2023-06-09T19:00:00,completed,Boston,MA,US,238.94,2023-06-09T19:00:00
ORD-000560,CUST-0153,2024-03-27T12:15:00,completed,Kansas City,MO,US,143.75,2024-03-27T12:15:00
ORD-000561,CUST-0199,2023-12-01T09:23:00,cancelled,Seattle,WA,US,109.76,2023-12-01T09:23:00
ORD-000562,CUST-0079,2025-02-28T11:11:00,completed,Raleigh,NC,US,1277.67,2025-02-28T11:11:00
ORD-000563,CUST-0097,2023-04-17T16:20:00,completed,Minneapolis,MN,US,525.01,2023-04-17T16:20:00
ORD-000564,CUST-0148,2024-01-26T14:09:00,completed,Minneapolis,MN,US,73.46,2024-01-26T14:09:00
ORD-000565,CUST-0032,2024-09-28T21:45:00,completed,Las Vegas,NV,US,240.61,2024-09-28T21:45:00
ORD-000566,CUST-0095,2025-02-08T11:28:00,pending,Austin,TX,US,200.28,2025-02-08T11:28:00
ORD-000567,CUST-0277,2025-03-23T09:53:00,completed,New York,NY,US,161.05,2025-03-23T09:53:00
ORD-000568,CUST-0176,2025-03-30T17:56:00,completed,Chicago,IL,US,311.11,2025-03-30T17:56:00
ORD-000569,CUST-0095,2023-10-15T12:40:00,completed,Austin,TX,US,519.98,2023-10-15T12:40:00
ORD-000570,CUST-0222,2024-01-03T12:11:00,completed,Denver,CO,US,261.96,2024-01-03T12:11:00
ORD-000571,CUST-0270,2025-01-27T11:28:00,completed,Kansas City,MO,US,19.77,2025-01-27T11:28:00
ORD-000572,CUST-0184,2023-03-01T16:02:00,completed,San Jose,CA,US,154.98,2023-03-01T16:02:00
ORD-000573,CUST-0197,2023-04-01T12:35:00,completed,Sacramento,CA,US,112.67,2023-04-01T12:35:00
ORD-000574,CUST-0134,2023-03-24T19:56:00,cancelled,Portland,OR,US,559.8,2023-03-24T19:56:00
ORD-000575,CUST-0225,2023-12-21T20:29:00,completed,Boston,MA,US,323.34,2023-12-21T20:29:00
ORD-000576,CUST-0256,2023-10-10T21:22:00,cancelled,Sacramento,CA,US,77.4,2023-10-10T21:22:00
ORD-000577,CUST-0162,2024-02-17T12:50:00,completed,Austin,TX,US,164.7,2024-02-17T12:50:00
ORD-000578,CUST-0141,2023-11-22T15:15:00,completed,San Diego,CA,US,133.01,2023-11-22T15:15:00
ORD-000579,CUST-0116,2023-06-15T10:41:00,completed,Nashville,TN,US,38.8,2023-06-15T10:41:00
ORD-000580,CUST-0093,2024-07-06T12:23:00,completed,Los Angeles,CA,US,430.46,2024-07-06T12:23:00
ORD-000581,CUST-0104,2024-09-03T15:59:00,pending,San Antonio,TX,US,55.46,2024-09-03T15:59:00
ORD-000582,CUST-0006,2023-12-01T12:35:00,completed,Los Angeles,CA,US,304.29,2023-12-01T12:35:00
ORD-000583,CUST-0290,2023-09-22T15:07:00,cancelled,Memphis,TN,US,387.9,2023-09-22T15:07:00
ORD-000584,CUST-0274,2024-12-01T12:03:00,completed,Portland,OR,US,135.95,2024-12-01T12:03:00
ORD-000585,CUST-0129,2025-05-23T17:32:00,returned,Miami,FL,US,253.6,2025-05-23T17:32:00
ORD-000586,CUST-0241,2024-02-09T08:05:00,completed,Austin,TX,US,929.16,2024-02-09T08:05:00
ORD-000587,CUST-0169,2023-01-27T09:42:00,pending,Austin,TX,US,135.51,2023-01-27T09:42:00
ORD-000588,CUST-0009,2024-03-23T09:43:00,pending,Philadelphia,PA,US,263.28,2024-03-23T09:43:00
ORD-000589,CUST-0261,2024-06-11T16:55:00,completed,San Antonio,TX,US,163.57,2024-06-11T16:55:00
ORD-000590,CUST-0134,2024-10-27T16:50:00,completed,Portland,OR,US,179.42,2024-10-27T16:50:00
ORD-000591,CUST-0261,2023-02-09T08:05:00,completed,San Antonio,TX,US,211.4,2023-02-09T08:05:00
ORD-000592,CUST-0213,2023-07-10T10:51:00,pending,Denver,CO,US,775.28,2023-07-10T10:51:00
ORD-000593,CUST-0195,2024-03-06T13:01:00,completed,Philadelphia,PA,US,469.01,2024-03-06T13:01:00
ORD-000594,CUST-0270,2023-10-27T17:42:00,completed,Kansas City,MO,US,16.72,2023-10-27T17:42:00
ORD-000595,CUST-0062,2024-09-02T09:29:00,cancelled,Austin,TX,US,394.54,2024-09-02T09:29:00
ORD-000596,CUST-0214,2024-11-05T09:11:00,completed,New York,NY,US,444.92,2024-11-05T09:11:00
ORD-000597,CUST-0088,2023-06-21T21:09:00,completed,Seattle,WA,US,311.31,2023-06-21T21:09:00
ORD-000598,CUST-0177,2024-06-22T11:18:00,completed,Memphis,TN,US,156.71,2024-06-22T11:18:00
ORD-000599,CUST-0090,2024-09-04T08:04:00,completed,Austin,TX,US,235.25,2024-09-04T08:04:00
ORD-000600,CUST-0186,2023-02-08T20:00:00,returned,Los Angeles,CA,US,160.24,2023-02-08T20:00:00
ORD-000601,CUST-0219,2025-05-21T21:18:00,pending,San Antonio,TX,US,430.65,2025-05-21T21:18:00
ORD-000602,CUST-0064,2024-02-20T11:29:00,cancelled,Sacramento,CA,US,221.64,2024-02-20T11:29:00
ORD-000603,CUST-0131,2023-03-23T12:47:00,completed,Houston,TX,US,287.61,2023-03-23T12:47:00
ORD-000604,CUST-0169,2024-01-16T12:35:00,completed,Austin,TX,US,124.44,2024-01-16T12:35:00
ORD-000605,CUST-0270,2024-06-28T21:49:00,completed,Kansas City,MO,US,73.12,2024-06-28T21:49:00
ORD-000606,CUST-0118,2023-12-06T08:10:00,pending,Austin,TX,US,318.65,2023-12-06T08:10:00
ORD-000607,CUST-0106,2023-05-11T12:16:00,completed,Dallas,TX,US,142.24,2023-05-11T12:16:00
ORD-000608,CUST-0031,2024-11-04T19:29:00,completed,Denver,CO,US,382.68,2024-11-04T19:29:00
ORD-000609,CUST-0276,2025-01-13T08:57:00,completed,Denver,CO,US,319.68,2025-01-13T08:57:00
ORD-000610,CUST-0008,2023-12-22T18:04:00,completed,Portland,OR,US,79.64,2023-12-22T18:04:00
ORD-000611,CUST-0079,2023-12-17T21:19:00,completed,Raleigh,NC,US,58.68,2023-12-17T21:19:00
ORD-000612,CUST-0037,2023-06-24T09:34:00,completed,Denver,CO,US,86.42,2023-06-24T09:34:00
ORD-000613,CUST-0150,2025-01-03T16:09:00,completed,Houston,TX,US,231.2,2025-01-03T16:09:00
ORD-000614,CUST-0094,2024-12-30T12:08:00,completed,Philadelphia,PA,US,145.26,2024-12-30T12:08:00
ORD-000615,CUST-0129,2023-03-26T17:12:00,cancelled,Miami,FL,US,138.98,2023-03-26T17:12:00
ORD-000616,CUST-0250,2023-11-22T15:34:00,completed,Raleigh,NC,US,210.78,2023-11-22T15:34:00
ORD-000617,CUST-0021,2023-10-14T10:41:00,completed,Cleveland,OH,US,231.8,2023-10-14T10:41:00
ORD-000618,CUST-0156,2024-10-03T21:17:00,completed,Boston,MA,US,9.6,2024-10-03T21:17:00
ORD-000619,CUST-0218,2023-01-02T08:59:00,cancelled,Houston,TX,US,125.5,2023-01-02T08:59:00
ORD-000620,CUST-0213,2025-01-06T09:05:00,completed,Denver,CO,US,166.77,2025-01-06T09:05:00
ORD-000621,CUST-0008,2025-02-22T08:32:00,cancelled,Portland,OR,US,160.48,2025-02-22T08:32:00
ORD-000622,CUST-0221,2023-07-27T14:32:00,pending,Seattle,WA,US,1042.24,2023-07-27T14:32:00
ORD-000623,CUST-0128,2023-09-09T19:53:00,completed,Atlanta,GA,US,262.55,2023-09-09T19:53:00
ORD-000624,CUST-0009,2024-03-17T20:59:00,completed,Philadelphia,PA,US,300.71,2024-03-17T20:59:00
ORD-000625,CUST-0046,2024-05-19T19:56:00,completed,Philadelphia,PA,US,39.45,2024-05-19T19:56:00
ORD-000626,CUST-0088,2024-02-26T09:53:00,completed,Seattle,WA,US,230.15,2024-02-26T09:53:00
ORD-000627,CUST-0200,2025-03-21T17:45:00,completed,Minneapolis,MN,US,34.97,2025-03-21T17:45:00
ORD-000628,CUST-0249,2024-01-05T08:21:00,completed,Houston,TX,US,842.35,2024-01-05T08:21:00
ORD-000629,CUST-0157,2023-08-22T14:25:00,completed,Raleigh,NC,US,190.79,2023-08-22T14:25:00
ORD-000630,CUST-0209,2023-09-27T18:15:00,cancelled,Dallas,TX,US,404.13,2023-09-27T18:15:00
ORD-000631,CUST-0110,2023-02-05T10:48:00,cancelled,Seattle,WA,US,380.84,2023-02-05T10:48:00
ORD-000632,CUST-0064,2024-06-15T16:08:00,completed,Sacramento,CA,US,151.02,2024-06-15T16:08:00
ORD-000633,CUST-0209,2025-05-03T19:05:00,completed,Dallas,TX,US,180.22,2025-05-03T19:05:00
ORD-000634,CUST-0132,2023-05-13T15:00:00,completed,Atlanta,GA,US,770.73,2023-05-13T15:00:00
ORD-000635,CUST-0015,2023-09-18T18:10:00,returned,Chicago,IL,US,225.54,2023-09-18T18:10:00
ORD-000636,CUST-0081,2023-02-09T12:44:00,completed,Las Vegas,NV,US,114.44,2023-02-09T12:44:00
ORD-000637,CUST-0022,2025-01-19T16:20:00,pending,Miami,FL,US,152.53,2025-01-19T16:20:00
ORD-000638,CUST-0254,2023-11-13T15:00:00,completed,San Diego,CA,US,118.11,2023-11-13T15:00:00
ORD-000639,CUST-0179,2023-06-23T21:58:00,completed,Boston,MA,US,197.42,2023-06-23T21:58:00
ORD-000640,CUST-0119,2023-06-17T15:07:00,completed,Miami,FL,US,26.16,2023-06-17T15:07:00
ORD-000641,CUST-0167,2024-06-23T16:13:00,pending,Memphis,TN,US,47.0,2024-06-23T16:13:00
ORD-000642,CUST-0208,2024-10-26T14:53:00,completed,Atlanta,GA,US,235.89,2024-10-26T14:53:00
ORD-000643,CUST-0242,2023-06-29T11:31:00,completed,San Antonio,TX,US,324.09,2023-06-29T11:31:00
ORD-000644,CUST-0224,2023-09-20T20:19:00,completed,Denver,CO,US,91.02,2023-09-20T20:19:00
ORD-000645,CUST-0280,2024-04-20T17:54:00,returned,Boston,MA,US,47.88,2024-04-20T17:54:00
ORD-000646,CUST-0150,2024-01-03T10:32:00,cancelled,Houston,TX,US,296.36,2024-01-03T10:32:00
ORD-000647,CUST-0147,2023-11-04T09:23:00,completed,San Antonio,TX,US,679.58,2023-11-04T09:23:00
ORD-000648,CUST-0294,2024-04-10T09:04:00,cancelled,Sacramento,CA,US,249.04,2024-04-10T09:04:00
ORD-000649,CUST-0280,2024-11-03T09:05:00,completed,Boston,MA,US,70.8,2024-11-03T09:05:00
ORD-000650,CUST-0226,2024-11-06T19:05:00,completed,Chicago,IL,US,226.59,2024-11-06T19:05:00
ORD-000651,CUST-0271,2025-03-30T18:06:00,completed,Los Angeles,CA,US,29.28,2025-03-30T18:06:00
ORD-000652,CUST-0017,2024-09-02T19:37:00,completed,Houston,TX,US,83.53,2024-09-02T19:37:00
ORD-000653,CUST-0228,2023-02-22T19:53:00,completed,New York,NY,US,58.4,2023-02-22T19:53:00
ORD-000654,CUST-0264,2024-06-01T14:19:00,cancelled,Portland,OR,US,186.62,2024-06-01T14:19:00
ORD-000655,CUST-0210,2023-06-18T21:03:00,completed,Boston,MA,US,153.23,2023-06-18T21:03:00
ORD-000656,CUST-0058,2024-08-08T13:26:00,completed,Los Angeles,CA,US,143.88,2024-08-08T13:26:00
ORD-000657,CUST-0227,2023-12-02T21:29:00,completed,Atlanta,GA,US,776.19,2023-12-02T21:29:00
ORD-000658,CUST-0002,2023-06-28T17:32:00,completed,Miami,FL,US,217.77,2023-06-28T17:32:00
ORD-000659,CUST-0145,2025-01-09T16:03:00,completed,Las Vegas,NV,US,284.5,2025-01-09T16:03:00
ORD-000660,CUST-0145,2023-12-23T19:34:00,pending,Las Vegas,NV,US,136.16,2023-12-23T19:34:00
ORD-000661,CUST-0176,2023-11-01T17:37:00,completed,Chicago,IL,US,91.94,2023-11-01T17:37:00
ORD-000662,CUST-0057,2024-07-19T11:47:00,pending,Kansas City,MO,US,152.37,2024-07-19T11:47:00
ORD-000663,CUST-0188,2025-04-14T15:01:00,completed,Cleveland,OH,US,217.17,2025-04-14T15:01:00
ORD-000664,CUST-0234,2023-03-31T09:16:00,pending,Los Angeles,CA,US,62.26,2023-03-31T09:16:00
ORD-000665,CUST-0159,2025-05-11T20:33:00,completed,Memphis,TN,US,309.2,2025-05-11T20:33:00
ORD-000666,CUST-0100,2023-03-21T13:35:00,completed,Nashville,TN,US,120.2,2023-03-21T13:35:00
ORD-000667,CUST-0067,2023-01-14T18:53:00,pending,Atlanta,GA,US,205.07,2023-01-14T18:53:00
ORD-000668,CUST-0114,2024-06-07T21:35:00,completed,Denver,CO,US,161.65,2024-06-07T21:35:00
ORD-000669,CUST-0102,2024-10-03T14:50:00,cancelled,Dallas,TX,US,295.01,2024-10-03T14:50:00
ORD-000670,CUST-0011,2024-09-29T13:31:00,completed,San Diego,CA,US,454.92,2024-09-29T13:31:00
ORD-000671,CUST-0111,2023-10-19T08:46:00,completed,Las Vegas,NV,US,102.13,2023-10-19T08:46:00
ORD-000672,CUST-0113,2023-06-20T10:22:00,cancelled,Atlanta,GA,US,112.51,2023-06-20T10:22:00
ORD-000673,CUST-0284,2023-12-03T15:59:00,completed,Denver,CO,US,154.96,2023-12-03T15:59:00
ORD-000674,CUST-0284,2023-04-04T11:20:00,completed,Denver,CO,US,265.85,2023-04-04T11:20:00
ORD-000675,CUST-0245,2025-01-24T13:50:00,pending,San Antonio,TX,US,227.29,2025-01-24T13:50:00
ORD-000676,CUST-0241,2024-12-08T16:06:00,cancelled,Austin,TX,US,282.59,2024-12-08T16:06:00
ORD-000677,CUST-0183,2025-03-05T21:11:00,completed,Miami,FL,US,274.21,2025-03-05T21:11:00
ORD-000678,CUST-0058,2023-02-14T21:55:00,cancelled,Los Angeles,CA,US,52.14,2023-02-14T21:55:00
ORD-000679,CUST-0266,2024-07-26T15:59:00,completed,Las Vegas,NV,US,877.0,2024-07-26T15:59:00
ORD-000680,CUST-0193,2023-07-06T18:49:00,completed,Memphis,TN,US,47.56,2023-07-06T18:49:00
ORD-000681,CUST-0150,2023-06-24T08:37:00,completed,Houston,TX,US,167.81,2023-06-24T08:37:00
ORD-000682,CUST-0232,2025-04-18T14:49:00,completed,Philadelphia,PA,US,229.88,2025-04-18T14:49:00
ORD-000683,CUST-0084,2025-01-15T08:35:00,cancelled,Cleveland,OH,US,90.9,2025-01-15T08:35:00
ORD-000684,CUST-0198,2025-04-06T08:31:00,pending,Minneapolis,MN,US,19.75,2025-04-06T08:31:00
ORD-000685,CUST-0193,2025-02-15T14:40:00,completed,Memphis,TN,US,404.8,2025-02-15T14:40:00
ORD-000686,CUST-0262,2023-04-16T11:05:00,completed,Dallas,TX,US,760.49,2023-04-16T11:05:00
ORD-000687,CUST-0070,2023-10-07T19:21:00,completed,San Diego,CA,US,508.22,2023-10-07T19:21:00
ORD-000688,CUST-0007,2023-07-19T20:32:00,returned,Boston,MA,US,205.46,2023-07-19T20:32:00
ORD-000689,CUST-0065,2023-11-07T10:23:00,completed,Memphis,TN,US,129.65,2023-11-07T10:23:00
ORD-000690,CUST-0243,2023-11-21T18:37:00,completed,Dallas,TX,US,242.49,2023-11-21T18:37:00
ORD-000691,CUST-0274,2024-01-19T10:57:00,cancelled,Portland,OR,US,209.63,2024-01-19T10:57:00
ORD-000692,CUST-0015,2025-03-06T21:49:00,completed,Chicago,IL,US,333.04,2025-03-06T21:49:00
ORD-000693,CUST-0190,2024-04-19T16:36:00,completed,Philadelphia,PA,US,214.54,2024-04-19T16:36:00
ORD-000694,CUST-0155,2024-09-01T15:00:00,completed,Philadelphia,PA,US,264.58,2024-09-01T15:00:00
ORD-000695,CUST-0288,2025-03-12T16:10:00,pending,Houston,TX,US,35.29,2025-03-12T16:10:00
ORD-000696,CUST-0043,2023-11-29T12:00:00,pending,Las Vegas,NV,US,26.38,2023-11-29T12:00:00
ORD-000697,CUST-0153,2023-10-06T15:00:00,completed,Kansas City,MO,US,135.59,2023-10-06T15:00:00
ORD-000698,CUST-0156,2023-10-27T19:14:00,completed,Boston,MA,US,19.72,2023-10-27T19:14:00
ORD-000699,CUST-0159,2025-02-21T13:02:00,returned,Memphis,TN,US,391.5,2025-02-21T13:02:00
ORD-000700,CUST-0134,2023-06-02T16:19:00,cancelled,Portland,OR,US,19.88,2023-06-02T16:19:00
ORD-000701,CUST-0089,2024-04-30T15:14:00,completed,Los Angeles,CA,US,401.56,2024-04-30T15:14:00
ORD-000702,CUST-0033,2024-07-21T18:57:00,completed,Phoenix,AZ,US,133.99,2024-07-21T18:57:00
ORD-000703,CUST-0086,2024-04-29T17:59:00,completed,Kansas City,MO,US,137.7,2024-04-29T17:59:00
ORD-000704,CUST-0072,2023-08-20T11:27:00,cancelled,Houston,TX,US,35.25,2023-08-20T11:27:00
ORD-000705,CUST-0010,2024-12-20T16:36:00,completed,New York,NY,US,180.72,2024-12-20T16:36:00
ORD-000706,CUST-0035,2024-10-20T11:30:00,completed,New York,NY,US,679.75,2024-10-20T11:30:00
ORD-000707,CUST-0182,2023-10-12T13:28:00,completed,Raleigh,NC,US,206.45,2023-10-12T13:28:00
ORD-000708,CUST-0218,2023-03-30T14:39:00,completed,Houston,TX,US,307.72,2023-03-30T14:39:00
ORD-000709,CUST-0299,2023-11-29T08:39:00,completed,Dallas,TX,US,94.2,2023-11-29T08:39:00
ORD-000710,CUST-0193,2024-10-24T14:49:00,completed,Memphis,TN,US,173.58,2024-10-24T14:49:00
ORD-000711,CUST-0164,2023-05-20T16:15:00,completed,Boston,MA,US,20.42,2023-05-20T16:15:00
ORD-000712,CUST-0241,2025-01-27T21:07:00,completed,Austin,TX,US,273.88,2025-01-27T21:07:00
ORD-000713,CUST-0278,2023-12-02T08:17:00,pending,Phoenix,AZ,US,472.85,2023-12-02T08:17:00
ORD-000714,CUST-0107,2023-03-09T18:11:00,completed,Dallas,TX,US,320.79,2023-03-09T18:11:00
ORD-000715,CUST-0002,2024-06-14T14:52:00,completed,Miami,FL,US,946.63,2024-06-14T14:52:00
ORD-000716,CUST-0062,2023-05-27T10:27:00,completed,Austin,TX,US,61.83,2023-05-27T10:27:00
ORD-000717,CUST-0121,2025-01-23T18:38:00,cancelled,Portland,OR,US,297.81,2025-01-23T18:38:00
ORD-000718,CUST-0235,2024-07-29T20:07:00,pending,Chicago,IL,US,132.71,2024-07-29T20:07:00
ORD-000719,CUST-0089,2024-10-08T20:29:00,completed,Los Angeles,CA,US,209.56,2024-10-08T20:29:00
ORD-000720,CUST-0112,2023-12-25T21:56:00,completed,Miami,FL,US,409.62,2023-12-25T21:56:00
ORD-000721,CUST-0286,2024-01-20T13:50:00,completed,San Diego,CA,US,535.87,2024-01-20T13:50:00
ORD-000722,CUST-0157,2024-02-07T17:45:00,completed,Raleigh,NC,US,70.32,2024-02-07T17:45:00
ORD-000723,CUST-0010,2023-03-31T10:27:00,completed,New York,NY,US,141.17,2023-03-31T10:27:00
ORD-000724,CUST-0242,2023-07-25T19:39:00,completed,San Antonio,TX,US,198.02,2023-07-25T19:39:00
ORD-000725,CUST-0106,2023-09-24T20:55:00,pending,Dallas,TX,US,470.92,2023-09-24T20:55:00
ORD-000726,CUST-0159,2024-03-10T12:46:00,completed,Memphis,TN,US,321.76,2024-03-10T12:46:00
ORD-000727,CUST-0082,2023-04-30T14:17:00,completed,Boston,MA,US,273.69,2023-04-30T14:17:00
ORD-000728,CUST-0113,2025-01-29T15:49:00,cancelled,Atlanta,GA,US,198.62,2025-01-29T15:49:00
ORD-000729,CUST-0271,2023-11-06T20:54:00,returned,Los Angeles,CA,US,200.15,2023-11-06T20:54:00
ORD-000730,CUST-0106,2023-07-21T16:55:00,cancelled,Dallas,TX,US,257.48,2023-07-21T16:55:00
ORD-000731,CUST-0172,2023-05-12T13:42:00,completed,Austin,TX,US,190.22,2023-05-12T13:42:00
ORD-000732,CUST-0104,2023-10-30T08:17:00,completed,San Antonio,TX,US,399.18,2023-10-30T08:17:00
ORD-000733,CUST-0073,2025-05-26T09:35:00,completed,Houston,TX,US,28.62,2025-05-26T09:35:00
ORD-000734,CUST-0250,2025-02-22T15:37:00,completed,Raleigh,NC,US,399.31,2025-02-22T15:37:00
ORD-000735,CUST-0157,2023-06-13T14:14:00,completed,Raleigh,NC,US,25.24,2023-06-13T14:14:00
ORD-000736,CUST-0185,2023-07-04T11:49:00,completed,Los Angeles,CA,US,331.14,2023-07-04T11:49:00
ORD-000737,CUST-0060,2024-09-21T18:49:00,pending,Los Angeles,CA,US,7.97,2024-09-21T18:49:00
ORD-000738,CUST-0298,2024-05-22T12:51:00,completed,Minneapolis,MN,US,217.07,2024-05-22T12:51:00
ORD-000739,CUST-0088,2024-12-31T20:20:00,completed,Seattle,WA,US,88.91,2024-12-31T20:20:00
ORD-000740,CUST-0277,2024-12-05T08:39:00,completed,New York,NY,US,84.82,2024-12-05T08:39:00
ORD-000741,CUST-0254,2023-03-01T21:10:00,completed,San Diego,CA,US,115.96,2023-03-01T21:10:00
ORD-000742,CUST-0071,2024-12-18T13:44:00,completed,Kansas City,MO,US,30.94,2024-12-18T13:44:00
ORD-000743,CUST-0136,2025-03-14T20:12:00,completed,Austin,TX,US,29.41,2025-03-14T20:12:00
ORD-000744,CUST-0123,2024-05-13T15:06:00,pending,Boston,MA,US,52.56,2024-05-13T15:06:00
ORD-000745,CUST-0068,2023-10-05T19:41:00,completed,Nashville,TN,US,111.41,2023-10-05T19:41:00
ORD-000746,CUST-0274,2023-12-14T15:14:00,completed,Portland,OR,US,254.05,2023-12-14T15:14:00
ORD-000747,CUST-0148,2024-05-11T19:23:00,cancelled,Minneapolis,MN,US,204.27,2024-05-11T19:23:00
ORD-000748,CUST-0183,2023-03-03T18:34:00,completed,Miami,FL,US,18.69,2023-03-03T18:34:00
ORD-000749,CUST-0141,2023-09-24T16:34:00,completed,San Diego,CA,US,410.39,2023-09-24T16:34:00
ORD-000750,CUST-0086,2023-12-18T14:28:00,completed,Kansas City,MO,US,129.31,2023-12-18T14:28:00
