payment_id,order_id,method,amount,currency,status,paid_at
PAY-000001,ORD-000001,paypal,258.97,USD,completed,2023-09-23T20:54:39.645274939
PAY-000002,ORD-000002,credit_card,686.01,USD,completed,2025-02-25T00:48:28.066731662
PAY-000003,ORD-000003,paypal,211.16,USD,completed,2024-11-15T14:44:19.126825419
PAY-000004,ORD-000004,credit_card,184.87,USD,completed,2023-06-04T04:20:08.608766172
PAY-000005,ORD-000005,credit_card,556.03,USD,completed,2023-08-22T19:09:01.285989967
PAY-000006,ORD-000006,credit_card,135.4,USD,completed,2025-05-27T10:46:27.088527188
PAY-000007,ORD-000007,credit_card,27.89,USD,failed,
PAY-000008,ORD-000008,credit_card,37.35,USD,completed,2024-04-18T00:37:59.184662515
PAY-000009,ORD-000009,credit_card,387.6,USD,completed,2024-09-29T21:23:14.937882227
PAY-000010,ORD-000010,paypal,19.2,USD,refunded,2023-09-18T22:41:26.292635070
PAY-000011,ORD-000011,cod,58.08,USD,completed,2023-06-17T19:26:37.006548911
PAY-000012,ORD-000012,credit_card,587.45,USD,completed,2023-07-25T09:43:08.345837820
PAY-000013,ORD-000013,paypal,129.84,USD,completed,2024-07-01T07:20:44.213250606
PAY-000014,ORD-000014,paypal,142.75,USD,completed,2023-12-16T20:51:02.656641725
PAY-000015,ORD-000015,bank_transfer,105.6,USD,completed,2024-11-05T03:13:03.204528783
PAY-000016,ORD-000016,credit_card,171.98,USD,failed,
PAY-000017,ORD-000017,paypal,104.42,USD,completed,2025-04-12T10:36:16.417066227
PAY-000018,ORD-000018,cod,195.74,USD,failed,
PAY-000019,ORD-000019,credit_card,296.78,USD,completed,2024-11-14T20:22:52.760719699
PAY-000020,ORD-000020,bank_transfer,266.17,USD,completed,2024-08-27T05:18:50.319841822
PAY-000021,ORD-000021,credit_card,101.16,USD,completed,2023-08-24T19:28:58.374311447
PAY-000022,ORD-000022,credit_card,8.17,USD,completed,2025-01-28T21:02:17.614457022
PAY-000023,ORD-000023,paypal,127.53,USD,completed,2023-10-30T21:44:50.181335030
PAY-000024,ORD-000024,credit_card,596.85,USD,completed,2025-02-14T15:04:06.020185019
PAY-000025,ORD-000025,credit_card,119.85,USD,completed,2023-03-21T16:59:01.046637479
PAY-000026,ORD-000026,paypal,252.13,USD,completed,2024-11-22T19:27:50.823639122
PAY-000027,ORD-000027,credit_card,62.97,USD,failed,
PAY-000028,ORD-000028,paypal,303.54,USD,completed,2024-12-06T13:57:59.545591243
PAY-000029,ORD-000029,credit_card,121.43,USD,completed,2024-01-16T19:25:42.473563775
PAY-000030,ORD-000030,paypal,251.64,USD,completed,2025-05-14T15:36:18.465469255
PAY-000031,ORD-000031,paypal,186.34,USD,completed,2025-04-02T05:39:00.701785352
PAY-000032,ORD-000032,bank_transfer,64.34,USD,completed,2023-10-10T14:25:36.174667611
PAY-000033,ORD-000033,paypal,207.28,USD,completed,2023-12-06T17:58:04.364145865
PAY-000034,ORD-000034,paypal,804.41,USD,completed,2025-04-07T14:43:36.231770724
PAY-000035,ORD-000035,credit_card,54.48,USD,completed,2023-10-27T20:21:53.035757619
PAY-000036,ORD-000036,paypal,80.68,USD,completed,2023-04-26T17:54:33.095749904
PAY-000037,ORD-000037,paypal,184.5,USD,refunded,2023-02-13T04:26:18.035347685
PAY-000038,ORD-000038,bank_transfer,333.13,USD,completed,2023-08-03T15:35:03.759338536
PAY-000039,ORD-000039,credit_card,246.69,USD,completed,2024-05-31T10:10:59.107860215
PAY-000040,ORD-000040,credit_card,217.23,USD,completed,2023-06-28T22:15:01.024429181
PAY-000041,ORD-000041,cod,1026.98,USD,completed,2023-02-21T19:22:23.676816903
PAY-000042,ORD-000042,bank_transfer,258.0,USD,completed,2023-02-10T13:49:37.795943766
PAY-000043,ORD-000043,cod,488.99,USD,completed,2023-08-06T09:41:17.002488622
PAY-000044,ORD-000044,paypal,1707.14,USD,completed,2023-04-10T02:25:35.541195587
PAY-000045,ORD-000045,credit_card,324.8,USD,failed,
PAY-000046,ORD-000046,credit_card,57.75,USD,completed,2025-03-07T02:23:21.640282454
PAY-000047,ORD-000047,credit_card,168.66,USD,completed,2023-11-10T14:33:04.975263750
PAY-000048,ORD-000048,credit_card,68.84,USD,completed,2023-05-03T15:21:05.998192534
PAY-000049,ORD-000049,credit_card,344.53,USD,completed,2024-01-11T03:12:27.084522057
PAY-000050,ORD-000050,credit_card,692.84,USD,completed,2024-06-28T11:15:13.743026848
PAY-000051,ORD-000051,credit_card,62.16,USD,completed,2023-03-14T19:48:14.331554940
PAY-000052,ORD-000052,credit_card,98.6,USD,completed,2025-01-22T07:49:13.178088523
PAY-000053,ORD-000053,credit_card,102.68,USD,completed,2024-10-15T23:34:04.554120078
PAY-000054,ORD-000054,paypal,171.89,USD,completed,2023-12-25T20:02:01.657212168
PAY-000055,ORD-000055,credit_card,320.49,USD,failed,
PAY-000056,ORD-000056,paypal,47.8,USD,completed,2023-04-17T14:07:28.072573768
PAY-000057,ORD-000057,credit_card,37.03,USD,completed,2023-12-06T19:07:50.308130880
PAY-000058,ORD-000058,credit_card,78.17,USD,completed,2023-06-09T12:41:59.829945883
PAY-000059,ORD-000059,cod,142.37,USD,completed,2023-06-13T20:58:03.204424792
PAY-000060,ORD-000060,credit_card,40.06,USD,completed,2025-01-21T08:30:47.444325327
PAY-000061,ORD-000061,paypal,176.08,USD,completed,2024-04-17T16:24:10.255869388
PAY-000062,ORD-000062,credit_card,888.92,USD,completed,2023-08-04T14:44:11.712551048
PAY-000063,ORD-000063,credit_card,61.81,USD,completed,2023-03-09T16:55:27.673866216
PAY-000064,ORD-000064,cod,362.64,USD,completed,2024-04-01T16:53:01.213758373
PAY-000065,ORD-000065,paypal,112.84,USD,completed,2023-12-15T05:57:07.685951795
PAY-000066,ORD-000066,paypal,703.14,USD,completed,2023-04-28T02:13:30.079725961
PAY-000067,ORD-000067,paypal,342.76,USD,refunded,2023-03-20T23:24:12.075614160
PAY-000068,ORD-000068,bank_transfer,564.84,USD,refunded,2023-05-26T03:34:32.296996578
PAY-000069,ORD-000069,credit_card,113.27,USD,completed,2023-05-27T11:41:50.383386482
PAY-000070,ORD-000070,credit_card,122.62,USD,completed,2023-04-15T21:36:31.862482270
PAY-000071,ORD-000071,credit_card,109.47,USD,completed,2025-03-20T12:32:13.235809321
PAY-000072,ORD-000072,bank_transfer,132.46,USD,completed,2023-12-20T23:42:30.148643280
PAY-000073,ORD-000073,bank_transfer,69.52,USD,completed,2025-01-12T04:31:48.083327584
PAY-000074,ORD-000074,credit_card,281.19,USD,completed,2024-10-17T17:22:03.316170058
PAY-000075,ORD-000075,bank_transfer,373.04,USD,completed,2025-01-02T07:39:05.821672316
PAY-000076,ORD-000076,paypal,398.13,USD,completed,2023-02-15T03:04:59.978390531
PAY-000077,ORD-000077,cod,44.39,USD,completed,2024-08-04T13:17:23.143222732
PAY-000078,ORD-000078,cod,36.42,USD,completed,2024-12-02T14:17:17.225649387
PAY-000079,ORD-000079,paypal,828.8,USD,completed,2024-04-14T15:36:57.317657825
PAY-000080,ORD-000080,cod,324.19,USD,completed,2023-01-04T17:57:23.637843765
PAY-000081,ORD-000081,credit_card,291.34,USD,completed,2025-02-14T08:36:29.284832670
PAY-000082,ORD-000082,credit_card,103.76,USD,completed,2023-04-25T20:16:44.596069846
PAY-000083,ORD-000083,paypal,496.9,USD,failed,
PAY-000084,ORD-000084,paypal,246.46,USD,completed,2023-10-10T05:59:35.848523774
PAY-000085,ORD-000085,credit_card,469.88,USD,completed,2023-09-27T00:22:29.113739300
PAY-000086,ORD-000086,cod,360.6,USD,completed,2024-02-22T13:47:40.242257056
PAY-000087,ORD-000087,cod,884.85,USD,completed,2024-05-06T20:05:30.600784692
PAY-000088,ORD-000088,paypal,430.1,USD,refunded,2025-01-16T16:35:37.810608902
PAY-000089,ORD-000089,credit_card,132.61,USD,completed,2023-09-15T06:01:21.334793092
PAY-000090,ORD-000090,bank_transfer,369.28,USD,completed,2025-05-25T10:37:02.311680280
PAY-000091,ORD-000091,bank_transfer,106.22,USD,failed,
PAY-000092,ORD-000092,paypal,300.44,USD,completed,2023-11-21T03:27:05.635022150
PAY-000093,ORD-000093,credit_card,431.59,USD,completed,2025-02-28T10:04:02.081869444
PAY-000094,ORD-000094,credit_card,233.25,USD,completed,2024-03-26T06:21:46.961836573
PAY-000095,ORD-000095,cod,38.56,USD,completed,2023-06-19T11:52:24.813369030
PAY-000096,ORD-000096,cod,44.19,USD,completed,2023-12-27T13:55:36.758641250
PAY-000097,ORD-000097,bank_transfer,542.82,USD,completed,2024-12-30T13:09:26.508295362
PAY-000098,ORD-000098,paypal,193.79,USD,completed,2024-08-02T22:19:58.571437015
PAY-000099,ORD-000099,cod,328.63,USD,completed,2025-02-22T08:07:41.860220916
PAY-000100,ORD-000100,credit_card,189.46,USD,completed,2024-11-19T19:57:17.207672392
PAY-000101,ORD-000101,credit_card,165.07,USD,completed,2025-03-16T22:41:03.381430210
PAY-000102,ORD-000102,paypal,479.08,USD,completed,2023-09-01T19:33:34.359469970
PAY-000103,ORD-000103,cod,554.38,USD,failed,
PAY-000104,ORD-000104,credit_card,90.87,USD,completed,2023-06-29T12:49:08.746405351
PAY-000105,ORD-000105,bank_transfer,430.7,USD,completed,2024-11-10T06:06:12.732465528
PAY-000106,ORD-000106,credit_card,813.56,USD,completed,2023-08-16T00:31:52.537716160
PAY-000107,ORD-000107,paypal,737.24,USD,completed,2024-09-26T06:19:47.902792437
PAY-000108,ORD-000108,paypal,120.08,USD,completed,2024-08-29T01:37:32.919653831
PAY-000109,ORD-000109,paypal,259.36,USD,completed,2024-09-11T21:55:59.424183528
PAY-000110,ORD-000110,paypal,50.2,USD,completed,2024-01-27T22:08:34.966036897
PAY-000111,ORD-000111,credit_card,38.96,USD,completed,2023-10-19T10:49:10.613286623
PAY-000112,ORD-000112,paypal,792.41,USD,completed,2024-03-09T22:16:03.944042315
PAY-000113,ORD-000113,bank_transfer,77.76,USD,failed,
PAY-000114,ORD-000114,paypal,230.51,USD,failed,
PAY-000115,ORD-000115,paypal,177.84,USD,completed,2023-01-21T10:52:59.996747881
PAY-000116,ORD-000116,credit_card,245.7,USD,completed,2024-11-03T17:41:05.930177065
PAY-000117,ORD-000117,credit_card,629.81,USD,completed,2024-09-10T19:47:18.335755892
PAY-000118,ORD-000118,credit_card,128.7,USD,completed,2023-09-13T17:39:39.672882082
PAY-000119,ORD-000119,credit_card,459.18,USD,completed,2023-11-17T19:53:51.023616911
PAY-000120,ORD-000120,credit_card,61.21,USD,completed,2024-12-22T06:36:48.692527403
PAY-000121,ORD-000121,paypal,39.32,USD,completed,2023-11-19T10:15:11.023100988
PAY-000122,ORD-000122,cod,203.0,USD,completed,2024-12-06T08:25:44.028822445
PAY-000123,ORD-000123,credit_card,402.21,USD,completed,2024-09-10T06:08:48.141937475
PAY-000124,ORD-000124,bank_transfer,92.87,USD,completed,2023-12-13T13:47:39.405205707
PAY-000125,ORD-000125,bank_transfer,529.41,USD,completed,2025-04-16T07:00:14.612344724
PAY-000126,ORD-000126,bank_transfer,154.71,USD,completed,2024-07-02T11:43:51.967470173
PAY-000127,ORD-000127,paypal,455.56,USD,completed,2024-07-12T22:56:58.562805574
PAY-000128,ORD-000128,credit_card,440.49,USD,completed,2024-11-29T03:17:36.726530618
PAY-000129,ORD-000129,cod,397.21,USD,completed,2023-07-19T10:49:46.980362615
PAY-000130,ORD-000130,credit_card,34.75,USD,completed,2025-01-05T09:44:32.866683637
PAY-000131,ORD-000131,credit_card,81.33,USD,completed,2024-03-23T05:52:25.740737176
PAY-000132,ORD-000132,credit_card,322.15,USD,completed,2024-08-29T11:38:28.254388875
PAY-000133,ORD-000133,bank_transfer,546.41,USD,completed,2023-01-21T22:00:56.672476863
PAY-000134,ORD-000134,paypal,195.03,USD,completed,2023-03-26T14:55:44.998209728
PAY-000135,ORD-000135,cod,30.12,USD,completed,2023-10-11T14:33:30.816736260
PAY-000136,ORD-000136,credit_card,122.6,USD,completed,2024-01-11T07:56:46.230114607
PAY-000137,ORD-000137,credit_card,41.16,USD,completed,2024-11-04T16:19:39.059706385
PAY-000138,ORD-000138,paypal,337.05,USD,failed,
PAY-000139,ORD-000139,credit_card,332.52,USD,completed,2023-12-15T17:01:48.388099204
PAY-000140,ORD-000140,credit_card,210.47,USD,completed,2024-12-07T17:00:05.602481338
PAY-000141,ORD-000141,credit_card,169.19,USD,failed,
PAY-000142,ORD-000142,credit_card,241.8,USD,completed,2023-03-27T02:59:47.032886411
PAY-000143,ORD-000143,credit_card,96.76,USD,completed,2023-09-07T06:07:54.604436445
PAY-000144,ORD-000144,paypal,346.36,USD,failed,
PAY-000145,ORD-000145,credit_card,168.8,USD,completed,2023-03-30T03:01:58.457173489
PAY-000146,ORD-000146,bank_transfer,230.62,USD,completed,2024-12-28T06:26:39.212711227
PAY-000147,ORD-000147,credit_card,1044.73,USD,completed,2023-02-28T19:44:16.327049954
PAY-000148,ORD-000148,credit_card,159.69,USD,completed,2024-04-22T07:26:37.995179578
PAY-000149,ORD-000149,paypal,79.6,USD,completed,2024-01-10T00:01:28.754817291
PAY-000150,ORD-000150,credit_card,208.86,USD,completed,2023-08-18T00:11:12.129871551
PAY-000151,ORD-000151,paypal,327.87,USD,completed,2024-04-21T12:24:13.790019524
PAY-000152,ORD-000152,bank_transfer,89.93,USD,completed,2023-11-21T15:54:56.472630415
PAY-000153,ORD-000153,credit_card,507.69,USD,completed,2024-07-28T10:39:22.183014746
PAY-000154,ORD-000154,bank_transfer,87.3,USD,completed,2023-03-18T03:56:26.308826600
PAY-000155,ORD-000155,credit_card,138.57,USD,completed,2023-02-09T20:10:52.259673869
PAY-000156,ORD-000156,bank_transfer,66.59,USD,refunded,2025-05-25T15:22:22.493568990
PAY-000157,ORD-000157,credit_card,191.98,USD,completed,2023-06-08T18:05:00.545455666
PAY-000158,ORD-000158,paypal,414.7,USD,refunded,2025-02-11T18:16:34.683472047
PAY-000159,ORD-000159,paypal,1197.35,USD,completed,2024-02-06T09:43:53.178449165
PAY-000160,ORD-000160,credit_card,422.57,USD,completed,2024-08-03T16:25:00.782977584
PAY-000161,ORD-000161,credit_card,234.87,USD,completed,2023-01-07T08:23:24.088709080
PAY-000162,ORD-000162,credit_card,612.38,USD,completed,2025-01-01T06:53:20.489085471
PAY-000163,ORD-000163,credit_card,19.12,USD,completed,2024-04-13T08:34:54.290973099
PAY-000164,ORD-000164,credit_card,105.19,USD,completed,2024-03-06T06:18:08.674728278
PAY-000165,ORD-000165,credit_card,206.01,USD,completed,2023-08-19T05:57:46.628334106
PAY-000166,ORD-000166,credit_card,30.14,USD,completed,2024-05-09T17:50:25.595588721
PAY-000167,ORD-000167,paypal,401.84,USD,completed,2023-04-28T09:28:00.052388808
PAY-000168,ORD-000168,credit_card,53.99,USD,completed,2024-05-13T18:46:45.047192542
PAY-000169,ORD-000169,credit_card,799.69,USD,completed,2023-11-18T05:47:22.146796115
PAY-000170,ORD-000170,credit_card,193.76,USD,completed,2025-03-01T14:10:42.613973104
PAY-000171,ORD-000171,bank_transfer,186.94,USD,completed,2025-01-12T14:59:25.862799356
PAY-000172,ORD-000172,credit_card,883.37,USD,completed,2024-02-25T03:24:03.625801034
PAY-000173,ORD-000173,paypal,219.12,USD,completed,2023-10-28T03:04:02.466147365
PAY-000174,ORD-000174,cod,204.84,USD,completed,2023-06-24T07:19:02.995963011
PAY-000175,ORD-000175,credit_card,365.76,USD,completed,2025-02-26T20:20:50.655729277
PAY-000176,ORD-000176,credit_card,116.82,USD,completed,2024-01-10T00:17:08.172036706
PAY-000177,ORD-000177,credit_card,283.03,USD,completed,2024-07-30T07:27:14.787252745
PAY-000178,ORD-000178,paypal,308.06,USD,completed,2023-11-16T00:17:09.766301714
PAY-000179,ORD-000179,paypal,185.82,USD,completed,2023-10-31T05:53:09.461467672
PAY-000180,ORD-000180,bank_transfer,326.42,USD,completed,2023-07-03T01:20:23.544823183
PAY-000181,ORD-000181,credit_card,24.98,USD,completed,2024-09-08T12:35:07.304867206
PAY-000182,ORD-000182,paypal,327.87,USD,completed,2023-04-12T17:14:08.989159856
PAY-000183,ORD-000183,credit_card,105.47,USD,completed,2023-06-26T23:59:28.863032321
PAY-000184,ORD-000184,credit_card,79.16,USD,completed,2024-12-25T10:33:25.253040951
PAY-000185,ORD-000185,credit_card,108.72,USD,completed,2024-01-26T19:07:01.421383319
PAY-000186,ORD-000186,paypal,104.81,USD,completed,2023-10-15T12:29:27.441955429
PAY-000187,ORD-000187,credit_card,304.17,USD,completed,2025-03-19T10:53:43.264242123
PAY-000188,ORD-000188,bank_transfer,60.45,USD,completed,2025-05-14T11:22:42.611805282
PAY-000189,ORD-000189,credit_card,792.58,USD,completed,2023-09-15T18:11:42.995058348
PAY-000190,ORD-000190,credit_card,992.66,USD,completed,2023-12-18T00:47:25.859019977
PAY-000191,ORD-000191,paypal,545.65,USD,completed,2024-08-01T18:35:15.996594785
PAY-000192,ORD-000192,bank_transfer,386.03,USD,completed,2023-04-04T10:46:49.919222910
PAY-000193,ORD-000193,paypal,115.88,USD,completed,2024-05-26T02:42:45.248343932
PAY-000194,ORD-000194,paypal,397.86,USD,completed,2024-01-17T16:07:33.512102838
PAY-000195,ORD-000195,credit_card,344.55,USD,completed,2024-12-10T07:32:44.219470115
PAY-000196,ORD-000196,credit_card,79.78,USD,refunded,2023-10-19T14:57:00.969300413
PAY-000197,ORD-000197,paypal,176.42,USD,completed,2023-12-06T00:32:50.487435327
PAY-000198,ORD-000198,credit_card,197.48,USD,refunded,2024-05-04T02:04:36.512597890
PAY-000199,ORD-000199,credit_card,293.48,USD,completed,2023-03-04T14:27:27.629907419
PAY-000200,ORD-000200,bank_transfer,34.47,USD,refunded,2023-05-28T12:02:29.149878220
PAY-000201,ORD-000201,credit_card,38.97,USD,completed,2025-02-01T15:06:17.639542548
PAY-000202,ORD-000202,credit_card,250.12,USD,completed,2024-10-30T01:11:28.919494271
PAY-000203,ORD-000203,paypal,324.2,USD,completed,2025-05-08T05:36:31.915418033
PAY-000204,ORD-000204,credit_card,102.92,USD,completed,2024-08-13T21:33:02.251823111
PAY-000205,ORD-000205,credit_card,182.72,USD,failed,
PAY-000206,ORD-000206,credit_card,26.78,USD,completed,2024-05-27T06:40:37.077389719
PAY-000207,ORD-000207,bank_transfer,119.21,USD,completed,2025-04-07T04:29:26.968622086
PAY-000208,ORD-000208,bank_transfer,38.5,USD,completed,2023-01-25T20:43:35.093476657
PAY-000209,ORD-000209,paypal,74.32,USD,completed,2023-08-02T01:49:49.877311144
PAY-000210,ORD-000210,credit_card,149.13,USD,failed,
PAY-000211,ORD-000211,paypal,39.99,USD,completed,2025-02-17T08:32:19.449684706
PAY-000212,ORD-000212,credit_card,230.68,USD,completed,2024-05-13T12:16:57.369967995
PAY-000213,ORD-000213,credit_card,196.52,USD,completed,2024-01-20T11:47:11.510292234
PAY-000214,ORD-000214,cod,22.23,USD,completed,2024-04-19T13:30:39.038187844
PAY-000215,ORD-000215,bank_transfer,195.48,USD,completed,2024-11-30T12:14:55.037013263
PAY-000216,ORD-000216,bank_transfer,900.6,USD,completed,2024-06-09T11:26:05.020104351
PAY-000217,ORD-000217,bank_transfer,32.99,USD,completed,2023-04-14T21:43:36.601598633
PAY-000218,ORD-000218,credit_card,232.24,USD,completed,2024-03-02T03:02:23.875435273
PAY-000219,ORD-000219,credit_card,404.16,USD,completed,2024-10-06T10:28:29.972411193
PAY-000220,ORD-000220,cod,207.97,USD,completed,2023-11-24T04:58:03.929211912
PAY-000221,ORD-000221,credit_card,186.18,USD,completed,2025-02-16T19:52:34.032274679
PAY-000222,ORD-000222,bank_transfer,241.41,USD,completed,2023-09-09T04:59:12.083087433
PAY-000223,ORD-000223,credit_card,140.02,USD,completed,2023-03-01T00:19:49.856964059
PAY-000224,ORD-000224,cod,287.84,USD,completed,2024-02-15T04:29:49.989897602
PAY-000225,ORD-000225,credit_card,62.98,USD,completed,2024-07-07T12:04:30.227641046
PAY-000226,ORD-000226,paypal,409.22,USD,completed,2024-06-29T11:18:55.142904084
PAY-000227,ORD-000227,cod,400.53,USD,completed,2025-04-29T05:57:05.813732317
PAY-000228,ORD-000228,paypal,62.1,USD,completed,2023-05-06T15:20:09.633469700
PAY-000229,ORD-000229,cod,837.27,USD,failed,
PAY-000230,ORD-000230,credit_card,423.42,USD,completed,2023-12-25T03:18:03.984031850
PAY-000231,ORD-000231,paypal,75.46,USD,completed,2023-08-06T00:37:40.748958807
PAY-000232,ORD-000232,credit_card,258.89,USD,completed,2025-02-09T15:19:24.113135965
PAY-000233,ORD-000233,credit_card,88.82,USD,completed,2023-04-29T08:42:16.769665623
PAY-000234,ORD-000234,paypal,60.69,USD,completed,2024-04-18T09:54:05.755263900
PAY-000235,ORD-000235,bank_transfer,33.18,USD,completed,2024-08-07T06:36:16.717625295
PAY-000236,ORD-000236,credit_card,103.24,USD,completed,2023-09-24T19:33:29.462633230
PAY-000237,ORD-000237,credit_card,88.47,USD,completed,2023-10-03T12:32:26.674885264
PAY-000238,ORD-000238,credit_card,325.01,USD,completed,2023-04-15T07:42:24.202423264
PAY-000239,ORD-000239,credit_card,23.62,USD,completed,2025-04-07T01:03:41.785199412
PAY-000240,ORD-000240,paypal,323.85,USD,completed,2025-03-20T10:36:47.022357799
PAY-000241,ORD-000241,credit_card,138.6,USD,completed,2024-12-02T00:34:04.460574148
PAY-000242,ORD-000242,bank_transfer,196.6,USD,completed,2025-05-06T05:15:32.381966248
PAY-000243,ORD-000243,paypal,38.96,USD,refunded,2024-03-29T05:30:21.176327672
PAY-000244,ORD-000244,credit_card,174.71,USD,completed,2023-03-26T03:17:29.402415627
PAY-000245,ORD-000245,credit_card,274.63,USD,refunded,2024-04-23T06:57:53.880394489
PAY-000246,ORD-000246,credit_card,350.04,USD,completed,2025-01-13T12:43:01.571586781
PAY-000247,ORD-000247,credit_card,245.16,USD,completed,2025-03-26T18:31:56.555687188
PAY-000248,ORD-000248,credit_card,202.21,USD,completed,2024-04-26T06:16:12.844291117
PAY-000249,ORD-000249,bank_transfer,996.74,USD,completed,2024-01-23T15:03:50.262795208
PAY-000250,ORD-000250,paypal,68.26,USD,completed,2024-02-09T18:16:00.004158172
PAY-000251,ORD-000251,credit_card,76.06,USD,completed,2023-06-21T22:23:38.277022537
PAY-000252,ORD-000252,credit_card,396.44,USD,completed,2023-03-12T10:33:27.239645731
PAY-000253,ORD-000253,bank_transfer,39.0,USD,completed,2023-06-21T22:02:12.332020336
PAY-000254,ORD-000254,paypal,119.35,USD,failed,
PAY-000255,ORD-000255,credit_card,299.32,USD,completed,2023-09-08T12:48:52.014352759
PAY-000256,ORD-000256,credit_card,39.29,USD,failed,
PAY-000257,ORD-000257,bank_transfer,184.52,USD,completed,2023-02-07T04:14:04.616268222
PAY-000258,ORD-000258,bank_transfer,123.82,USD,completed,2023-05-17T14:03:48.961864363
PAY-000259,ORD-000259,credit_card,202.19,USD,failed,
PAY-000260,ORD-000260,credit_card,77.36,USD,completed,2024-04-20T01:44:19.262548945
PAY-000261,ORD-000261,paypal,39.09,USD,completed,2024-03-24T16:29:26.509572691
PAY-000262,ORD-000262,bank_transfer,71.2,USD,completed,2025-02-02T21:07:49.691586655
PAY-000263,ORD-000263,cod,109.11,USD,completed,2023-04-09T21:36:14.760490501
PAY-000264,ORD-000264,credit_card,126.2,USD,completed,2024-01-23T20:38:59.185639671
PAY-000265,ORD-000265,paypal,139.15,USD,completed,2023-10-16T20:41:57.330520183
PAY-000266,ORD-000266,credit_card,54.56,USD,completed,2023-06-13T10:06:01.154408389
PAY-000267,ORD-000267,paypal,147.29,USD,completed,2023-06-04T17:46:29.193828910
PAY-000268,ORD-000268,credit_card,108.79,USD,failed,
PAY-000269,ORD-000269,credit_card,195.29,USD,completed,2024-09-24T07:39:08.773079175
PAY-000270,ORD-000270,credit_card,230.92,USD,completed,2023-04-05T23:15:30.358815593
PAY-000271,ORD-000271,credit_card,624.45,USD,completed,2023-01-29T15:38:18.828883852
PAY-000272,ORD-000272,paypal,619.05,USD,completed,2025-05-28T13:10:28.141537262
PAY-000273,ORD-000273,cod,63.23,USD,completed,2025-03-25T00:18:07.881851853
PAY-000274,ORD-000274,credit_card,72.94,USD,completed,2024-06-08T04:01:28.944758915
PAY-000275,ORD-000275,credit_card,19.04,USD,refunded,2024-06-24T09:15:24.410721174
PAY-000276,ORD-000276,credit_card,592.14,USD,completed,2024-02-20T13:39:39.997403177
PAY-000277,ORD-000277,credit_card,310.9,USD,completed,2024-09-25T23:38:46.662641207
PAY-000278,ORD-000278,bank_transfer,42.17,USD,failed,
PAY-000279,ORD-000279,paypal,214.23,USD,failed,
PAY-000280,ORD-000280,bank_transfer,102.82,USD,completed,2024-07-10T23:28:17.476611640
PAY-000281,ORD-000281,paypal,135.93,USD,refunded,2024-11-18T04:46:28.606851324
PAY-000282,ORD-000282,paypal,385.41,USD,completed,2023-11-24T17:03:37.615268751
PAY-000283,ORD-000283,credit_card,444.39,USD,completed,2023-11-23T00:42:27.595332720
PAY-000284,ORD-000284,credit_card,39.81,USD,completed,2024-02-11T09:19:07.521301103
PAY-000285,ORD-000285,bank_transfer,310.05,USD,completed,2023-11-06T04:18:22.875585373
PAY-000286,ORD-000286,paypal,46.8,USD,completed,2024-07-08T02:22:47.084300959
PAY-000287,ORD-000287,paypal,227.83,USD,completed,2024-10-08T12:24:42.114422058
PAY-000288,ORD-000288,paypal,143.0,USD,completed,2025-04-24T04:36:53.977906449
PAY-000289,ORD-000289,cod,113.7,USD,completed,2023-12-16T17:30:53.659299809
PAY-000290,ORD-000290,credit_card,125.44,USD,completed,2025-02-19T15:24:12.512815858
PAY-000291,ORD-000291,credit_card,85.7,USD,completed,2025-01-08T21:17:12.166686349
PAY-000292,ORD-000292,credit_card,82.32,USD,completed,2024-02-28T08:18:16.302342431
PAY-000293,ORD-000293,cod,455.94,USD,completed,2023-08-08T13:43:48.178621892
PAY-000294,ORD-000294,credit_card,323.11,USD,completed,2024-05-02T17:25:52.563786075
PAY-000295,ORD-000295,credit_card,535.38,USD,completed,2024-01-10T06:32:16.701382372
PAY-000296,ORD-000296,credit_card,90.03,USD,completed,2024-10-22T12:10:25.909015805
PAY-000297,ORD-000297,paypal,140.02,USD,completed,2024-01-24T12:50:13.618879882
PAY-000298,ORD-000298,credit_card,123.74,USD,completed,2023-11-17T02:01:08.812954671
PAY-000299,ORD-000299,credit_card,448.85,USD,completed,2023-10-31T13:35:53.277036541
PAY-000300,ORD-000300,bank_transfer,291.12,USD,completed,2024-10-26T13:24:29.839289238
PAY-000301,ORD-000301,paypal,248.89,USD,completed,2023-11-20T07:54:09.642634102
PAY-000302,ORD-000302,paypal,197.76,USD,failed,
PAY-000303,ORD-000303,paypal,150.53,USD,failed,
PAY-000304,ORD-000304,credit_card,97.3,USD,completed,2024-03-16T16:11:05.290475503
PAY-000305,ORD-000305,paypal,259.37,USD,completed,2024-07-06T05:59:18.534431593
PAY-000306,ORD-000306,credit_card,8.05,USD,completed,2025-02-25T06:05:54.506850500
PAY-000307,ORD-000307,bank_transfer,675.15,USD,completed,2023-11-14T16:56:03.557924145
PAY-000308,ORD-000308,bank_transfer,405.54,USD,completed,2023-01-15T02:08:50.566021751
PAY-000309,ORD-000309,paypal,208.31,USD,completed,2024-03-09T17:36:47.192277159
PAY-000310,ORD-000310,bank_transfer,183.78,USD,refunded,2024-05-03T03:44:01.308840862
PAY-000311,ORD-000311,bank_transfer,431.46,USD,completed,2024-09-21T08:20:56.994680441
PAY-000312,ORD-000312,credit_card,56.2,USD,completed,2025-01-18T19:08:25.552668358
PAY-000313,ORD-000313,cod,93.04,USD,completed,2023-04-16T07:49:14.495080164
PAY-000314,ORD-000314,paypal,157.02,USD,completed,2023-12-21T19:41:43.520170644
PAY-000315,ORD-000315,credit_card,53.54,USD,completed,2024-07-09T09:31:49.818002001
PAY-000316,ORD-000316,bank_transfer,45.32,USD,completed,2024-05-08T03:15:52.324171796
PAY-000317,ORD-000317,bank_transfer,49.12,USD,completed,2023-07-18T14:05:38.611136413
PAY-000318,ORD-000318,cod,218.98,USD,completed,2025-04-18T07:00:52.934177385
PAY-000319,ORD-000319,paypal,251.04,USD,completed,2023-01-03T18:52:37.742064702
PAY-000320,ORD-000320,credit_card,182.08,USD,refunded,2023-06-05T20:41:07.961208847
PAY-000321,ORD-000321,paypal,484.12,USD,completed,2025-03-23T22:18:07.208234243
PAY-000322,ORD-000322,credit_card,568.26,USD,completed,2024-08-22T13:06:28.989351208
PAY-000323,ORD-000323,bank_transfer,20.81,USD,refunded,2025-04-28T02:28:26.260492181
PAY-000324,ORD-000324,bank_transfer,168.49,USD,refunded,2023-08-23T15:05:49.407258124
PAY-000325,ORD-000325,paypal,39.15,USD,completed,2024-09-08T19:04:03.827747794
PAY-000326,ORD-000326,paypal,186.09,USD,completed,2024-11-12T02:02:47.340490556
PAY-000327,ORD-000327,paypal,148.26,USD,completed,2025-01-13T07:30:37.331512171
PAY-000328,ORD-000328,paypal,229.67,USD,failed,
PAY-000329,ORD-000329,paypal,43.49,USD,completed,2023-07-05T14:21:16.047890682
PAY-000330,ORD-000330,paypal,305.38,USD,completed,2024-12-17T01:18:02.569794356
PAY-000331,ORD-000331,credit_card,399.21,USD,completed,2023-10-26T21:13:23.419438729
PAY-000332,ORD-000332,paypal,797.82,USD,completed,2023-06-17T05:31:02.157789923
PAY-000333,ORD-000333,cod,135.28,USD,failed,
PAY-000334,ORD-000334,paypal,67.04,USD,completed,2024-07-22T09:25:05.902866954
PAY-000335,ORD-000335,cod,329.38,USD,completed,2023-05-26T21:24:34.201057642
PAY-000336,ORD-000336,cod,59.14,USD,refunded,2025-03-26T09:45:58.776453639
PAY-000337,ORD-000337,paypal,45.87,USD,completed,2023-03-19T05:26:17.262208798
PAY-000338,ORD-000338,credit_card,60.52,USD,completed,2024-02-17T19:14:45.910914993
PAY-000339,ORD-000339,bank_transfer,88.44,USD,completed,2023-12-23T22:38:46.677815927
PAY-000340,ORD-000340,credit_card,92.97,USD,completed,2024-12-04T18:08:29.068795392
PAY-000341,ORD-000341,credit_card,449.18,USD,completed,2024-07-16T12:10:17.571546272
PAY-000342,ORD-000342,credit_card,985.34,USD,completed,2023-08-13T12:43:44.962046675
PAY-000343,ORD-000343,credit_card,487.42,USD,completed,2024-03-29T15:02:00.897532095
PAY-000344,ORD-000344,paypal,190.14,USD,completed,2025-01-17T07:35:33.959133057
PAY-000345,ORD-000345,cod,186.92,USD,completed,2023-03-18T09:40:43.887678658
PAY-000346,ORD-000346,cod,18.86,USD,completed,2024-11-21T14:40:09.470737021
PAY-000347,ORD-000347,credit_card,125.03,USD,completed,2024-06-27T06:10:59.096427951
PAY-000348,ORD-000348,cod,48.41,USD,failed,
PAY-000349,ORD-000349,credit_card,108.72,USD,completed,2024-04-22T21:30:15.915099865
PAY-000350,ORD-000350,paypal,263.78,USD,completed,2024-11-02T12:44:51.035071554
PAY-000351,ORD-000351,credit_card,48.64,USD,completed,2023-05-23T02:53:14.680636598
PAY-000352,ORD-000352,credit_card,387.35,USD,completed,2024-01-26T08:26:13.418735263
PAY-000353,ORD-000353,credit_card,86.89,USD,completed,2025-05-20T07:48:30.684992515
PAY-000354,ORD-000354,cod,403.07,USD,completed,2024-10-23T13:00:41.864104836
PAY-000355,ORD-000355,paypal,66.36,USD,completed,2025-05-20T11:59:14.138863088
PAY-000356,ORD-000356,bank_transfer,31.74,USD,failed,
PAY-000357,ORD-000357,paypal,56.63,USD,failed,
PAY-000358,ORD-000358,credit_card,59.14,USD,completed,2023-08-07T08:40:07.325552289
PAY-000359,ORD-000359,credit_card,152.56,USD,completed,2023-08-13T06:25:30.223253440
PAY-000360,ORD-000360,credit_card,247.24,USD,completed,2024-12-04T14:46:20.587333823
PAY-000361,ORD-000361,credit_card,265.04,USD,refunded,2024-12-21T16:00:38.991854662
PAY-000362,ORD-000362,cod,59.94,USD,completed,2023-11-09T08:44:12.294042915
PAY-000363,ORD-000363,credit_card,197.5,USD,completed,2023-03-05T12:09:24.532754493
PAY-000364,ORD-000364,credit_card,121.62,USD,completed,2023-12-31T11:27:57.078519693
PAY-000365,ORD-000365,cod,175.11,USD,completed,2024-04-02T01:29:34.154874730
PAY-000366,ORD-000366,paypal,163.41,USD,completed,2025-05-15T17:15:37.420667329
PAY-000367,ORD-000367,credit_card,38.25,USD,completed,2023-08-11T10:58:21.158197891
PAY-000368,ORD-000368,cod,129.81,USD,failed,
PAY-000369,ORD-000369,credit_card,415.96,USD,completed,2025-04-16T11:10:52.274762879
PAY-000370,ORD-000370,paypal,761.22,USD,completed,2024-09-20T02:06:20.732726176
PAY-000371,ORD-000371,credit_card,423.61,USD,completed,2024-02-25T03:28:34.412160752
PAY-000372,ORD-000372,credit_card,432.06,USD,completed,2025-02-04T08:02:43.474643165
PAY-000373,ORD-000373,credit_card,138.84,USD,completed,2024-01-04T16:02:25.599361064
PAY-000374,ORD-000374,bank_transfer,335.99,USD,completed,2024-10-25T04:48:41.085249828
PAY-000375,ORD-000375,paypal,558.95,USD,failed,
PAY-000376,ORD-000376,cod,173.84,USD,completed,2023-07-11T00:18:18.122086117
PAY-000377,ORD-000377,credit_card,96.08,USD,completed,2024-12-06T18:00:55.022571159
PAY-000378,ORD-000378,paypal,122.73,USD,completed,2023-01-26T11:40:41.590392310
PAY-000379,ORD-000379,paypal,40.66,USD,completed,2023-04-06T17:38:09.372741568
PAY-000380,ORD-000380,paypal,28.09,USD,completed,2024-04-14T19:27:16.415304162
PAY-000381,ORD-000381,credit_card,182.92,USD,completed,2023-02-25T09:45:09.174330562
PAY-000382,ORD-000382,cod,459.18,USD,completed,2025-02-23T14:32:05.174306669
PAY-000383,ORD-000383,credit_card,171.64,USD,completed,2025-05-07T14:50:38.968893250
PAY-000384,ORD-000384,bank_transfer,145.09,USD,completed,2025-05-07T23:31:18.853607865
PAY-000385,ORD-000385,credit_card,76.98,USD,completed,2024-12-30T16:32:47.767932267
PAY-000386,ORD-000386,paypal,72.4,USD,completed,2023-07-07T22:01:56.212315500
PAY-000387,ORD-000387,bank_transfer,588.09,USD,refunded,2023-12-03T03:26:21.547850436
PAY-000388,ORD-000388,credit_card,680.24,USD,completed,2023-03-07T11:47:23.443575076
PAY-000389,ORD-000389,credit_card,303.47,USD,completed,2024-10-11T13:11:16.632571853
PAY-000390,ORD-000390,bank_transfer,102.53,USD,completed,2024-07-10T23:43:23.400151269
PAY-000391,ORD-000391,bank_transfer,114.52,USD,completed,2024-01-26T14:42:19.351266537
PAY-000392,ORD-000392,credit_card,534.53,USD,completed,2024-01-30T20:17:28.769153656
PAY-000393,ORD-000393,bank_transfer,97.63,USD,completed,2023-03-03T17:35:17.531408003
PAY-000394,ORD-000394,bank_transfer,31.1,USD,completed,2023-08-19T02:04:05.600146370
PAY-000395,ORD-000395,paypal,588.54,USD,completed,2024-12-07T02:17:37.985777874
PAY-000396,ORD-000396,credit_card,64.51,USD,failed,
PAY-000397,ORD-000397,credit_card,209.78,USD,completed,2025-02-18T17:53:26.631833936
PAY-000398,ORD-000398,cod,466.55,USD,completed,2023-07-12T21:24:39.245796430
PAY-000399,ORD-000399,credit_card,166.58,USD,completed,2023-04-10T10:51:35.806459543
PAY-000400,ORD-000400,paypal,41.73,USD,completed,2023-09-15T10:10:45.079172930
PAY-000401,ORD-000401,credit_card,952.48,USD,completed,2024-01-30T11:25:16.014972400
PAY-000402,ORD-000402,credit_card,587.7,USD,completed,2023-05-02T06:27:06.372854316
PAY-000403,ORD-000403,credit_card,111.12,USD,completed,2024-05-10T03:09:37.539697184
PAY-000404,ORD-000404,paypal,559.44,USD,completed,2024-01-31T16:16:25.244146823
PAY-000405,ORD-000405,bank_transfer,89.46,USD,completed,2025-05-29T05:11:53.887089740
PAY-000406,ORD-000406,cod,1044.15,USD,completed,2024-10-17T21:12:52.441243180
PAY-000407,ORD-000407,credit_card,144.79,USD,completed,2024-02-15T20:49:10.680592212
PAY-000408,ORD-000408,paypal,26.16,USD,completed,2024-02-23T04:48:02.131959447
PAY-000409,ORD-000409,bank_transfer,27.55,USD,completed,2024-09-30T01:08:29.551054670
PAY-000410,ORD-000410,credit_card,20.02,USD,refunded,2024-04-11T21:07:33.642917246
PAY-000411,ORD-000411,credit_card,403.23,USD,completed,2023-04-17T23:03:06.240502074
PAY-000412,ORD-000412,credit_card,418.89,USD,completed,2024-03-01T18:30:43.370246466
PAY-000413,ORD-000413,bank_transfer,104.9,USD,refunded,2024-05-06T23:11:56.826912975
PAY-000414,ORD-000414,credit_card,305.93,USD,completed,2024-02-03T12:01:09.362201865
PAY-000415,ORD-000415,cod,329.24,USD,completed,2023-05-08T18:14:03.256503265
PAY-000416,ORD-000416,credit_card,497.55,USD,completed,2024-01-16T17:11:21.100551945
PAY-000417,ORD-000417,paypal,113.43,USD,completed,2024-09-18T12:56:25.714246320
PAY-000418,ORD-000418,credit_card,24.72,USD,refunded,2023-05-19T07:39:17.216501672
PAY-000419,ORD-000419,cod,111.08,USD,completed,2023-12-23T04:16:52.596727717
PAY-000420,ORD-000420,paypal,51.79,USD,completed,2024-07-19T13:48:35.887677181
PAY-000421,ORD-000421,credit_card,40.5,USD,failed,
PAY-000422,ORD-000422,credit_card,36.45,USD,completed,2024-03-19T05:48:53.431147833
PAY-000423,ORD-000423,credit_card,665.79,USD,completed,2023-11-16T20:00:06.918053822
PAY-000424,ORD-000424,credit_card,80.4,USD,completed,2023-09-12T19:44:35.444690121
PAY-000425,ORD-000425,credit_card,129.52,USD,refunded,2024-07-18T17:26:25.524856922
PAY-000426,ORD-000426,cod,124.6,USD,completed,2025-05-24T19:03:30.530195320
PAY-000427,ORD-000427,credit_card,177.47,USD,failed,
PAY-000428,ORD-000428,credit_card,152.66,USD,completed,2023-06-30T06:23:15.069984101
PAY-000429,ORD-000429,paypal,62.05,USD,completed,2023-07-18T20:53:39.202954502
PAY-000430,ORD-000430,cod,582.21,USD,failed,
PAY-000431,ORD-000431,credit_card,118.12,USD,completed,2024-05-30T05:13:14.665141897
PAY-000432,ORD-000432,credit_card,498.0,USD,completed,2023-10-12T05:52:17.494218763
PAY-000433,ORD-000433,paypal,674.42,USD,completed,2023-06-05T13:31:02.637236701
PAY-000434,ORD-000434,credit_card,102.89,USD,completed,2023-12-29T14:11:11.576854628
PAY-000435,ORD-000435,credit_card,962.53,USD,completed,2024-01-10T20:37:46.924129036
PAY-000436,ORD-000436,paypal,175.48,USD,refunded,2023-06-18T05:03:51.297424156
PAY-000437,ORD-000437,credit_card,236.12,USD,completed,2023-02-21T03:38:02.444009846
PAY-000438,ORD-000438,credit_card,324.19,USD,refunded,2024-05-04T14:24:21.682337521
PAY-000439,ORD-000439,credit_card,186.72,USD,completed,2023-04-10T13:10:41.554317615
PAY-000440,ORD-000440,paypal,173.83,USD,completed,2023-09-01T18:51:30.299406305
PAY-000441,ORD-000441,cod,56.41,USD,completed,2025-03-26T03:28:56.081509227
PAY-000442,ORD-000442,credit_card,345.93,USD,completed,2025-01-20T05:44:15.095386336
PAY-000443,ORD-000443,credit_card,56.13,USD,completed,2023-07-23T03:42:13.761142156
PAY-000444,ORD-000444,credit_card,136.98,USD,completed,2023-03-07T10:59:03.250351677
PAY-000445,ORD-000445,credit_card,398.04,USD,completed,2023-04-22T12:30:14.488976190
PAY-000446,ORD-000446,credit_card,330.36,USD,completed,2025-03-10T03:15:18.147885424
PAY-000447,ORD-000447,bank_transfer,319.45,USD,completed,2025-03-03T03:16:20.013346025
PAY-000448,ORD-000448,credit_card,243.87,USD,refunded,2024-10-02T11:42:59.451852289
PAY-000449,ORD-000449,bank_transfer,346.39,USD,completed,2025-02-08T00:10:19.349109770
PAY-000450,ORD-000450,credit_card,302.77,USD,completed,2024-02-27T00:43:34.854342907
PAY-000451,ORD-000451,credit_card,586.96,USD,completed,2024-10-09T16:53:05.093635479
PAY-000452,ORD-000452,cod,283.16,USD,completed,2024-09-21T05:00:36.275439914
PAY-000453,ORD-000453,credit_card,350.54,USD,completed,2024-04-26T14:07:06.865777007
PAY-000454,ORD-000454,paypal,767.62,USD,completed,2024-11-17T19:19:27.691739186
PAY-000455,ORD-000455,paypal,20.19,USD,completed,2023-02-11T06:27:25.316461510
PAY-000456,ORD-000456,paypal,444.91,USD,completed,2024-06-17T12:45:54.722165428
PAY-000457,ORD-000457,bank_transfer,104.24,USD,completed,2025-02-02T20:14:52.645262127
PAY-000458,ORD-000458,credit_card,27.24,USD,completed,2024-01-02T22:25:01.012422105
PAY-000459,ORD-000459,credit_card,421.85,USD,completed,2024-05-16T09:21:05.765424167
PAY-000460,ORD-000460,credit_card,79.24,USD,completed,2025-03-30T19:38:33.952368319
PAY-000461,ORD-000461,bank_transfer,382.46,USD,completed,2024-04-03T17:43:32.269618527
PAY-000462,ORD-000462,bank_transfer,480.83,USD,completed,2024-11-04T19:39:17.234248532
PAY-000463,ORD-000463,credit_card,39.3,USD,completed,2023-07-26T18:09:44.573439140
PAY-000464,ORD-000464,credit_card,694.92,USD,completed,2023-03-11T17:49:06.827678602
PAY-000465,ORD-000465,paypal,258.01,USD,completed,2025-04-09T15:08:21.199568176
PAY-000466,ORD-000466,cod,201.55,USD,completed,2024-05-19T22:14:52.568208018
PAY-000467,ORD-000467,paypal,245.43,USD,completed,2024-09-17T13:12:14.067941795
PAY-000468,ORD-000468,credit_card,195.22,USD,completed,2025-01-20T06:20:34.049599102
PAY-000469,ORD-000469,paypal,474.75,USD,refunded,2024-04-26T09:45:52.777534723
PAY-000470,ORD-000470,credit_card,145.41,USD,refunded,2024-10-09T22:58:22.296944114
PAY-000471,ORD-000471,credit_card,12.56,USD,completed,2023-11-29T23:02:11.422298599
PAY-000472,ORD-000472,credit_card,64.14,USD,completed,2025-04-12T14:40:37.630149867
PAY-000473,ORD-000473,credit_card,50.78,USD,completed,2025-04-17T15:47:54.249748335
PAY-000474,ORD-000474,credit_card,117.83,USD,completed,2025-01-23T05:27:13.882079592
PAY-000475,ORD-000475,bank_transfer,193.04,USD,completed,2024-02-28T14:09:18.354987153
PAY-000476,ORD-000476,bank_transfer,315.28,USD,completed,2024-09-05T08:04:58.912687379
PAY-000477,ORD-000477,credit_card,353.44,USD,completed,2024-02-02T15:48:06.824660851
PAY-000478,ORD-000478,cod,235.52,USD,completed,2023-10-28T06:18:05.377376742
PAY-000479,ORD-000479,cod,374.78,USD,completed,2024-10-29T15:42:54.474000565
PAY-000480,ORD-000480,paypal,208.68,USD,completed,2023-10-24T21:48:25.918004569
PAY-000481,ORD-000481,credit_card,58.9,USD,completed,2023-10-09T04:46:10.925797371
PAY-000482,ORD-000482,credit_card,251.62,USD,completed,2025-04-22T05:56:20.928360603
PAY-000483,ORD-000483,credit_card,309.76,USD,completed,2023-11-10T00:55:47.508623855
PAY-000484,ORD-000484,credit_card,331.33,USD,completed,2023-05-06T05:37:01.037669720
PAY-000485,ORD-000485,credit_card,243.96,USD,completed,2023-04-29T17:12:32.326390763
PAY-000486,ORD-000486,credit_card,286.42,USD,completed,2023-05-06T08:30:46.312107481
PAY-000487,ORD-000487,bank_transfer,119.45,USD,completed,2024-04-23T14:51:33.803420365
PAY-000488,ORD-000488,paypal,125.52,USD,completed,2023-01-30T15:02:01.667902579
PAY-000489,ORD-000489,cod,1257.97,USD,completed,2023-10-18T21:42:36.313839011
PAY-000490,ORD-000490,credit_card,895.15,USD,completed,2023-01-14T14:19:25.272944319
PAY-000491,ORD-000491,paypal,38.85,USD,completed,2023-10-14T01:30:53.302729149
PAY-000492,ORD-000492,credit_card,470.49,USD,completed,2023-11-30T23:02:38.768375304
PAY-000493,ORD-000493,bank_transfer,61.98,USD,completed,2023-05-09T13:57:41.750819607
PAY-000494,ORD-000494,cod,138.42,USD,completed,2023-11-02T03:44:53.984309486
PAY-000495,ORD-000495,credit_card,153.14,USD,failed,
PAY-000496,ORD-000496,credit_card,99.32,USD,completed,2023-01-22T21:07:18.630652809
PAY-000497,ORD-000497,paypal,197.18,USD,completed,2025-03-09T18:28:55.176105377
PAY-000498,ORD-000498,paypal,161.56,USD,refunded,2024-07-11T15:50:39.986408691
PAY-000499,ORD-000499,cod,59.5,USD,completed,2024-10-14T03:15:25.874114541
PAY-000500,ORD-000500,cod,319.91,USD,completed,2024-04-28T17:39:10.797627010
PAY-000501,ORD-000501,credit_card,222.1,USD,completed,2023-03-25T06:50:27.444054021
PAY-000502,ORD-000502,bank_transfer,290.47,USD,completed,2024-02-06T01:55:07.021454689
PAY-000503,ORD-000503,bank_transfer,153.45,USD,refunded,2023-01-05T13:03:35.100620187
PAY-000504,ORD-000504,credit_card,396.59,USD,completed,2024-02-24T14:52:02.273172047
PAY-000505,ORD-000505,credit_card,329.85,USD,completed,2024-10-03T22:08:05.621834719
PAY-000506,ORD-000506,credit_card,531.26,USD,completed,2024-03-21T23:21:30.235719555
PAY-000507,ORD-000507,credit_card,279.33,USD,completed,2023-01-09T09:12:30.811595422
PAY-000508,ORD-000508,paypal,130.77,USD,failed,
PAY-000509,ORD-000509,paypal,680.71,USD,completed,2024-10-03T17:45:37.089934135
PAY-000510,ORD-000510,credit_card,884.04,USD,failed,
PAY-000511,ORD-000511,bank_transfer,147.35,USD,refunded,2023-10-18T23:13:29.893233187
PAY-000512,ORD-000512,bank_transfer,547.79,USD,completed,2023-06-15T09:44:44.095198548
PAY-000513,ORD-000513,credit_card,532.62,USD,completed,2023-12-23T23:11:55.453319332
PAY-000514,ORD-000514,paypal,626.74,USD,completed,2024-08-24T02:44:05.295478857
PAY-000515,ORD-000515,credit_card,322.35,USD,completed,2023-11-26T10:42:23.023364218
PAY-000516,ORD-000516,credit_card,445.46,USD,completed,2023-11-04T19:29:17.451956941
PAY-000517,ORD-000517,paypal,123.99,USD,failed,
PAY-000518,ORD-000518,credit_card,353.01,USD,completed,2024-05-21T10:50:06.315345471
PAY-000519,ORD-000519,bank_transfer,192.12,USD,completed,2024-01-14T23:49:52.207265084
PAY-000520,ORD-000520,paypal,832.37,USD,refunded,2024-03-13T21:12:53.988470614
PAY-000521,ORD-000521,credit_card,117.51,USD,completed,2024-08-21T20:16:00.190548684
PAY-000522,ORD-000522,paypal,39.07,USD,completed,2024-12-13T05:58:29.708317147
PAY-000523,ORD-000523,credit_card,247.99,USD,completed,2023-05-15T03:12:24.466660161
PAY-000524,ORD-000524,bank_transfer,680.46,USD,completed,2025-05-27T04:37:28.356067779
PAY-000525,ORD-000525,credit_card,67.42,USD,completed,2023-04-11T04:16:33.831611614
PAY-000526,ORD-000526,credit_card,91.2,USD,completed,2023-06-08T12:10:15.496878113
PAY-000527,ORD-000527,paypal,434.99,USD,completed,2023-03-07T20:09:24.929083719
PAY-000528,ORD-000528,paypal,235.89,USD,completed,2023-02-06T09:13:51.747025935
PAY-000529,ORD-000529,credit_card,223.13,USD,completed,2023-10-25T08:39:24.266959915
PAY-000530,ORD-000530,paypal,263.01,USD,failed,
PAY-000531,ORD-000531,credit_card,352.91,USD,completed,2024-01-06T05:56:29.774078122
PAY-000532,ORD-000532,bank_transfer,162.0,USD,completed,2023-10-19T03:15:31.219899552
PAY-000533,ORD-000533,bank_transfer,359.29,USD,completed,2023-07-20T19:55:56.270665377
PAY-000534,ORD-000534,credit_card,128.08,USD,completed,2025-05-24T14:37:05.043028607
PAY-000535,ORD-000535,bank_transfer,222.88,USD,completed,2024-12-07T09:53:51.293008651
PAY-000536,ORD-000536,credit_card,71.64,USD,completed,2024-11-14T08:04:22.865344657
PAY-000537,ORD-000537,cod,219.7,USD,completed,2024-02-29T14:13:13.899371439
PAY-000538,ORD-000538,credit_card,376.88,USD,completed,2024-11-08T18:32:50.312787060
PAY-000539,ORD-000539,credit_card,126.03,USD,completed,2023-03-03T08:38:48.140699094
PAY-000540,ORD-000540,paypal,48.98,USD,completed,2025-05-28T04:08:44.157073344
PAY-000541,ORD-000541,credit_card,508.2,USD,completed,2023-09-02T15:56:55.811340594
PAY-000542,ORD-000542,credit_card,87.91,USD,completed,2024-11-12T00:00:49.724849908
PAY-000543,ORD-000543,bank_transfer,216.91,USD,completed,2024-04-05T12:04:16.470554785
PAY-000544,ORD-000544,credit_card,36.11,USD,failed,
PAY-000545,ORD-000545,bank_transfer,97.92,USD,completed,2024-08-05T10:18:55.715486515
PAY-000546,ORD-000546,credit_card,50.79,USD,completed,2023-12-14T02:40:24.622492532
PAY-000547,ORD-000547,paypal,424.88,USD,failed,
PAY-000548,ORD-000548,credit_card,254.11,USD,completed,2024-01-12T03:25:40.354445528
PAY-000549,ORD-000549,paypal,117.94,USD,completed,2023-02-17T12:32:55.969201231
PAY-000550,ORD-000550,paypal,748.56,USD,completed,2024-03-20T10:47:22.971663043
PAY-000551,ORD-000551,paypal,1306.06,USD,completed,2024-06-22T00:14:05.405697665
PAY-000552,ORD-000552,bank_transfer,49.0,USD,completed,2024-12-29T13:11:36.409162511
PAY-000553,ORD-000553,credit_card,312.72,USD,refunded,2023-01-08T18:36:54.193079977
PAY-000554,ORD-000554,bank_transfer,381.93,USD,failed,
PAY-000555,ORD-000555,credit_card,900.02,USD,completed,2024-05-08T15:54:50.260803112
PAY-000556,ORD-000556,credit_card,73.3,USD,completed,2024-05-31T02:47:54.619081470
PAY-000557,ORD-000557,paypal,114.76,USD,completed,2025-04-10T22:15:41.280090192
PAY-000558,ORD-000558,credit_card,517.92,USD,completed,2024-09-27T12:23:04.453700619
PAY-000559,ORD-000559,paypal,238.94,USD,completed,2023-06-10T03:44:19.097960127
PAY-000560,ORD-000560,paypal,143.75,USD,completed,2024-03-28T02:01:14.551103038
PAY-000561,ORD-000561,credit_card,109.76,USD,failed,
PAY-000562,ORD-000562,credit_card,1277.67,USD,completed,2025-02-28T19:43:58.131991789
PAY-000563,ORD-000563,cod,525.01,USD,completed,2023-04-19T16:15:47.392165082
PAY-000564,ORD-000564,credit_card,73.46,USD,completed,2024-01-28T00:50:33.994301129
PAY-000565,ORD-000565,paypal,240.61,USD,completed,2024-09-30T11:09:28.188979974
PAY-000566,ORD-000566,credit_card,200.28,USD,completed,2025-02-10T06:33:10.780543662
PAY-000567,ORD-000567,paypal,161.05,USD,completed,2025-03-23T12:03:33.563900426
PAY-000568,ORD-000568,cod,311.11,USD,completed,2025-04-01T04:07:46.685319189
PAY-000569,ORD-000569,cod,519.98,USD,completed,2023-10-16T01:25:27.055471205
PAY-000570,ORD-000570,credit_card,261.96,USD,completed,2024-01-04T10:41:52.611693848
PAY-000571,ORD-000571,credit_card,19.77,USD,completed,2025-01-28T06:30:49.941513306
PAY-000572,ORD-000572,paypal,154.98,USD,completed,2023-03-03T02:47:59.398952686
PAY-000573,ORD-000573,credit_card,112.67,USD,completed,2023-04-03T09:47:05.385453442
PAY-000574,ORD-000574,cod,559.8,USD,failed,
PAY-000575,ORD-000575,bank_transfer,323.34,USD,completed,2023-12-21T22:17:47.641289995
PAY-000576,ORD-000576,paypal,77.4,USD,failed,
PAY-000577,ORD-000577,bank_transfer,164.7,USD,completed,2024-02-19T02:02:38.619237010
PAY-000578,ORD-000578,credit_card,133.01,USD,completed,2023-11-23T16:17:00.427553190
PAY-000579,ORD-000579,credit_card,38.8,USD,completed,2023-06-17T02:52:15.100492849
PAY-000580,ORD-000580,credit_card,430.46,USD,completed,2024-07-07T09:03:38.284446878
PAY-000581,ORD-000581,credit_card,55.46,USD,completed,2024-09-04T07:20:45.700417184
PAY-000582,ORD-000582,cod,304.29,USD,completed,2023-12-02T01:40:49.610974130
PAY-000583,ORD-000583,paypal,387.9,USD,failed,
PAY-000584,ORD-000584,bank_transfer,135.95,USD,completed,2024-12-01T21:02:47.342856984
PAY-000585,ORD-000585,paypal,253.6,USD,refunded,2025-05-24T16:10:00.347982103
PAY-000586,ORD-000586,paypal,929.16,USD,completed,2024-02-11T00:28:02.018929414
PAY-000587,ORD-000587,credit_card,135.51,USD,completed,2023-01-29T06:21:56.472811364
PAY-000588,ORD-000588,paypal,263.28,USD,completed,2024-03-25T04:59:20.220868435
PAY-000589,ORD-000589,credit_card,163.57,USD,completed,2024-06-13T02:00:34.446252172
PAY-000590,ORD-000590,cod,179.42,USD,completed,2024-10-28T03:31:40.832099652
PAY-000591,ORD-000591,bank_transfer,211.4,USD,completed,2023-02-10T14:46:48.659425753
PAY-000592,ORD-000592,paypal,775.28,USD,completed,2023-07-11T01:19:14.125722162
PAY-000593,ORD-000593,credit_card,469.01,USD,completed,2024-03-07T09:55:17.779012768
PAY-000594,ORD-000594,credit_card,16.72,USD,completed,2023-10-29T08:14:03.628119853
PAY-000595,ORD-000595,bank_transfer,394.54,USD,failed,
PAY-000596,ORD-000596,credit_card,444.92,USD,completed,2024-11-05T11:16:07.334569893
PAY-000597,ORD-000597,credit_card,311.31,USD,completed,2023-06-22T17:44:07.514753321
PAY-000598,ORD-000598,paypal,156.71,USD,completed,2024-06-23T15:36:54.524298965
PAY-000599,ORD-000599,credit_card,235.25,USD,completed,2024-09-05T00:29:33.396510446
PAY-000600,ORD-000600,credit_card,160.24,USD,refunded,2023-02-10T14:33:57.090517120
PAY-000601,ORD-000601,credit_card,430.65,USD,completed,2025-05-23T09:08:48.491653428
PAY-000602,ORD-000602,credit_card,221.64,USD,failed,
PAY-000603,ORD-000603,credit_card,287.61,USD,completed,2023-03-24T11:22:12.020564479
PAY-000604,ORD-000604,paypal,124.44,USD,completed,2024-01-17T18:37:29.264789279
PAY-000605,ORD-000605,credit_card,73.12,USD,completed,2024-06-29T10:10:56.158981368
PAY-000606,ORD-000606,paypal,318.65,USD,completed,2023-12-08T07:39:39.509186465
PAY-000607,ORD-000607,bank_transfer,142.24,USD,completed,2023-05-12T23:48:36.087292889
PAY-000608,ORD-000608,credit_card,382.68,USD,completed,2024-11-05T02:29:51.716178496
PAY-000609,ORD-000609,credit_card,319.68,USD,completed,2025-01-13T17:46:55.538217702
PAY-000610,ORD-000610,credit_card,79.64,USD,completed,2023-12-24T15:06:31.994930785
PAY-000611,ORD-000611,bank_transfer,58.68,USD,completed,2023-12-18T22:39:45.998135546
PAY-000612,ORD-000612,credit_card,86.42,USD,completed,2023-06-26T08:05:01.481123992
PAY-000613,ORD-000613,credit_card,231.2,USD,completed,2025-01-04T19:12:34.725241032
PAY-000614,ORD-000614,credit_card,145.26,USD,completed,2024-12-30T21:20:10.983614179
PAY-000615,ORD-000615,credit_card,138.98,USD,failed,
PAY-000616,ORD-000616,credit_card,210.78,USD,completed,2023-11-24T12:43:23.088242711
PAY-000617,ORD-000617,bank_transfer,231.8,USD,completed,2023-10-14T16:01:07.592342830
PAY-000618,ORD-000618,credit_card,9.6,USD,completed,2024-10-04T09:38:11.990750920
PAY-000619,ORD-000619,paypal,125.5,USD,failed,
PAY-000620,ORD-000620,credit_card,166.77,USD,completed,2025-01-06T12:29:51.326635280
PAY-000621,ORD-000621,paypal,160.48,USD,failed,
PAY-000622,ORD-000622,credit_card,1042.24,USD,completed,2023-07-28T18:47:48.035520775
PAY-000623,ORD-000623,credit_card,262.55,USD,completed,2023-09-10T10:18:24.029601396
PAY-000624,ORD-000624,paypal,300.71,USD,completed,2024-03-18T08:21:52.554959682
PAY-000625,ORD-000625,cod,39.45,USD,completed,2024-05-20T14:54:16.965059542
PAY-000626,ORD-000626,paypal,230.15,USD,completed,2024-02-27T14:11:01.009792475
PAY-000627,ORD-000627,credit_card,34.97,USD,completed,2025-03-23T03:37:35.544754948
PAY-000628,ORD-000628,paypal,842.35,USD,completed,2024-01-05T13:40:06.457351027
PAY-000629,ORD-000629,credit_card,190.79,USD,completed,2023-08-24T02:16:12.523059502
PAY-000630,ORD-000630,credit_card,404.13,USD,failed,
PAY-000631,ORD-000631,paypal,380.84,USD,failed,
PAY-000632,ORD-000632,paypal,151.02,USD,completed,2024-06-16T05:13:15.228480053
PAY-000633,ORD-000633,credit_card,180.22,USD,completed,2025-05-05T17:03:11.545727912
PAY-000634,ORD-000634,credit_card,770.73,USD,completed,2023-05-13T20:27:20.480444198
PAY-000635,ORD-000635,credit_card,225.54,USD,refunded,2023-09-19T15:05:36.560410422
PAY-000636,ORD-000636,credit_card,114.44,USD,completed,2023-02-10T02:37:58.912935494
PAY-000637,ORD-000637,paypal,152.53,USD,completed,2025-01-21T01:38:12.894623883
PAY-000638,ORD-000638,cod,118.11,USD,completed,2023-11-14T16:30:12.362345206
PAY-000639,ORD-000639,paypal,197.42,USD,completed,2023-06-24T19:03:14.962275478
PAY-000640,ORD-000640,credit_card,26.16,USD,completed,2023-06-19T03:44:06.220387003
PAY-000641,ORD-000641,credit_card,47.0,USD,completed,2024-06-24T07:34:44.418568155
PAY-000642,ORD-000642,paypal,235.89,USD,completed,2024-10-27T23:53:37.537078526
PAY-000643,ORD-000643,credit_card,324.09,USD,completed,2023-06-29T15:44:49.532955744
PAY-000644,ORD-000644,credit_card,91.02,USD,completed,2023-09-21T13:12:17.296267818
PAY-000645,ORD-000645,paypal,47.88,USD,refunded,2024-04-21T00:11:39.411958317
PAY-000646,ORD-000646,cod,296.36,USD,failed,
PAY-000647,ORD-000647,paypal,679.58,USD,completed,2023-11-05T22:43:02.927497145
PAY-000648,ORD-000648,credit_card,249.04,USD,failed,
PAY-000649,ORD-000649,paypal,70.8,USD,completed,2024-11-03T21:11:04.022303442
PAY-000650,ORD-000650,credit_card,226.59,USD,completed,2024-11-08T09:50:05.506080355
PAY-000651,ORD-000651,credit_card,29.28,USD,completed,2025-04-01T13:37:35.382821300
PAY-000652,ORD-000652,credit_card,83.53,USD,completed,2024-09-04T05:40:56.414553296
PAY-000653,ORD-000653,credit_card,58.4,USD,completed,2023-02-24T10:20:58.097291144
PAY-000654,ORD-000654,credit_card,186.62,USD,failed,
PAY-000655,ORD-000655,paypal,153.23,USD,completed,2023-06-19T19:03:02.961269531
PAY-000656,ORD-000656,credit_card,143.88,USD,completed,2024-08-09T09:54:27.413951441
PAY-000657,ORD-000657,paypal,776.19,USD,completed,2023-12-04T08:24:02.923633886
PAY-000658,ORD-000658,credit_card,217.77,USD,completed,2023-06-30T12:35:32.001288899
PAY-000659,ORD-000659,credit_card,284.5,USD,completed,2025-01-10T22:30:42.742667682
PAY-000660,ORD-000660,bank_transfer,136.16,USD,completed,2023-12-25T04:40:04.586561050
PAY-000661,ORD-000661,paypal,91.94,USD,completed,2023-11-02T17:32:03.110770887
PAY-000662,ORD-000662,credit_card,152.37,USD,completed,2024-07-20T06:51:24.855742832
PAY-000663,ORD-000663,bank_transfer,217.17,USD,completed,2025-04-15T05:46:01.676490977
PAY-000664,ORD-000664,credit_card,62.26,USD,completed,2023-03-31T19:38:57.090770099
PAY-000665,ORD-000665,paypal,309.2,USD,completed,2025-05-12T09:45:41.456660232
PAY-000666,ORD-000666,credit_card,120.2,USD,completed,2023-03-21T15:39:42.870832736
PAY-000667,ORD-000667,credit_card,205.07,USD,completed,2023-01-16T04:23:46.800012155
PAY-000668,ORD-000668,paypal,161.65,USD,completed,2024-06-09T20:18:27.939664644
PAY-000669,ORD-000669,credit_card,295.01,USD,failed,
PAY-000670,ORD-000670,paypal,454.92,USD,completed,2024-09-29T21:00:07.452474989
PAY-000671,ORD-000671,bank_transfer,102.13,USD,completed,2023-10-19T21:41:05.538382506
PAY-000672,ORD-000672,paypal,112.51,USD,failed,
PAY-000673,ORD-000673,cod,154.96,USD,completed,2023-12-04T19:14:18.172356427
PAY-000674,ORD-000674,bank_transfer,265.85,USD,completed,2023-04-04T22:53:00.165803777
PAY-000675,ORD-000675,credit_card,227.29,USD,completed,2025-01-25T06:15:50.197482869
PAY-000676,ORD-000676,credit_card,282.59,USD,failed,
PAY-000677,ORD-000677,bank_transfer,274.21,USD,completed,2025-03-06T02:42:34.516473177
PAY-000678,ORD-000678,credit_card,52.14,USD,failed,
PAY-000679,ORD-000679,bank_transfer,877.0,USD,completed,2024-07-28T04:55:54.608919167
PAY-000680,ORD-000680,credit_card,47.56,USD,completed,2023-07-08T12:13:53.210467154
PAY-000681,ORD-000681,bank_transfer,167.81,USD,completed,2023-06-24T20:01:52.007723266
PAY-000682,ORD-000682,bank_transfer,229.88,USD,completed,2025-04-19T16:03:51.993036094
PAY-000683,ORD-000683,bank_transfer,90.9,USD,failed,
PAY-000684,ORD-000684,bank_transfer,19.75,USD,completed,2025-04-07T02:56:33.343231855
PAY-000685,ORD-000685,credit_card,404.8,USD,completed,2025-02-16T05:01:09.474968086
PAY-000686,ORD-000686,paypal,760.49,USD,completed,2023-04-16T23:04:28.373262192
PAY-000687,ORD-000687,bank_transfer,508.22,USD,completed,2023-10-08T17:52:57.725748964
PAY-000688,ORD-000688,bank_transfer,205.46,USD,refunded,2023-07-21T05:30:06.064603319
PAY-000689,ORD-000689,cod,129.65,USD,completed,2023-11-08T01:05:41.122757869
PAY-000690,ORD-000690,credit_card,242.49,USD,completed,2023-11-23T07:16:25.124337184
PAY-000691,ORD-000691,credit_card,209.63,USD,failed,
PAY-000692,ORD-000692,cod,333.04,USD,completed,2025-03-07T03:15:43.865978271
PAY-000693,ORD-000693,credit_card,214.54,USD,completed,2024-04-20T07:56:23.535605198
PAY-000694,ORD-000694,credit_card,264.58,USD,completed,2024-09-02T10:38:30.813787123
PAY-000695,ORD-000695,credit_card,35.29,USD,completed,2025-03-13T04:19:11.660214460
PAY-000696,ORD-000696,paypal,26.38,USD,completed,2023-11-29T15:38:42.819653333
PAY-000697,ORD-000697,paypal,135.59,USD,completed,2023-10-06T16:37:26.091454359
PAY-000698,ORD-000698,cod,19.72,USD,completed,2023-10-29T10:10:59.478560841
PAY-000699,ORD-000699,cod,391.5,USD,refunded,2025-02-22T23:16:33.084235797
PAY-000700,ORD-000700,credit_card,19.88,USD,failed,
PAY-000701,ORD-000701,paypal,401.56,USD,completed,2024-05-01T22:56:30.168515196
PAY-000702,ORD-000702,cod,133.99,USD,completed,2024-07-23T02:25:49.969971608
PAY-000703,ORD-000703,cod,137.7,USD,completed,2024-05-01T16:17:16.303974168
PAY-000704,ORD-000704,bank_transfer,35.25,USD,failed,
PAY-000705,ORD-000705,credit_card,180.72,USD,completed,2024-12-21T22:24:40.539121379
PAY-000706,ORD-000706,credit_card,679.75,USD,completed,2024-10-22T02:08:00.006188543
PAY-000707,ORD-000707,credit_card,206.45,USD,completed,2023-10-13T14:59:59.721777539
PAY-000708,ORD-000708,credit_card,307.72,USD,completed,2023-03-31T22:09:41.854108826
PAY-000709,ORD-000709,paypal,94.2,USD,completed,2023-11-30T02:40:02.989006764
PAY-000710,ORD-000710,paypal,173.58,USD,completed,2024-10-25T05:21:35.195924582
PAY-000711,ORD-000711,credit_card,20.42,USD,completed,2023-05-21T19:14:46.458888009
PAY-000712,ORD-000712,credit_card,273.88,USD,completed,2025-01-29T17:17:00.886915112
PAY-000713,ORD-000713,bank_transfer,472.85,USD,completed,2023-12-03T01:52:54.173543965
PAY-000714,ORD-000714,paypal,320.79,USD,completed,2023-03-10T06:55:53.228929432
PAY-000715,ORD-000715,bank_transfer,946.63,USD,completed,2024-06-16T01:48:11.583119756
PAY-000716,ORD-000716,bank_transfer,61.83,USD,completed,2023-05-28T10:57:13.111124511
PAY-000717,ORD-000717,credit_card,297.81,USD,failed,
PAY-000718,ORD-000718,cod,132.71,USD,completed,2024-07-30T02:29:49.441540424
PAY-000719,ORD-000719,bank_transfer,209.56,USD,completed,2024-10-10T02:18:46.419852470
PAY-000720,ORD-000720,credit_card,409.62,USD,completed,2023-12-26T16:20:06.767235200
PAY-000721,ORD-000721,cod,535.87,USD,completed,2024-01-21T21:40:04.032796428
PAY-000722,ORD-000722,cod,70.32,USD,completed,2024-02-09T14:23:19.846230280
PAY-000723,ORD-000723,credit_card,141.17,USD,completed,2023-04-01T08:32:39.647914932
PAY-000724,ORD-000724,credit_card,198.02,USD,completed,2023-07-27T16:40:07.918643707
PAY-000725,ORD-000725,cod,470.92,USD,completed,2023-09-26T19:03:11.211528289
PAY-000726,ORD-000726,credit_card,321.76,USD,completed,2024-03-12T04:09:51.454358172
PAY-000727,ORD-000727,credit_card,273.69,USD,completed,2023-05-01T00:46:21.179320009
PAY-000728,ORD-000728,credit_card,198.62,USD,failed,
PAY-000729,ORD-000729,credit_card,200.15,USD,refunded,2023-11-08T17:58:08.871049541
PAY-000730,ORD-000730,paypal,257.48,USD,failed,
PAY-000731,ORD-000731,credit_card,190.22,USD,completed,2023-05-14T02:08:38.679986824
PAY-000732,ORD-000732,bank_transfer,399.18,USD,completed,2023-11-01T04:37:33.744036579
PAY-000733,ORD-000733,cod,28.62,USD,completed,2025-05-28T07:05:52.279115685
PAY-000734,ORD-000734,credit_card,399.31,USD,completed,2025-02-23T18:28:54.849210509
PAY-000735,ORD-000735,credit_card,25.24,USD,completed,2023-06-15T13:38:46.526999325
PAY-000736,ORD-000736,cod,331.14,USD,completed,2023-07-04T22:40:48.643983232
PAY-000737,ORD-000737,credit_card,7.97,USD,completed,2024-09-23T17:04:04.172914537
PAY-000738,ORD-000738,bank_transfer,217.07,USD,completed,2024-05-23T22:05:12.314531933
PAY-000739,ORD-000739,paypal,88.91,USD,completed,2025-01-01T03:06:20.514575863
PAY-000740,ORD-000740,paypal,84.82,USD,completed,2024-12-06T09:31:44.082581792
PAY-000741,ORD-000741,cod,115.96,USD,completed,2023-03-03T02:18:14.416292622
PAY-000742,ORD-000742,credit_card,30.94,USD,completed,2024-12-19T09:27:11.494437160
PAY-000743,ORD-000743,paypal,29.41,USD,completed,2025-03-16T14:47:30.809880041
PAY-000744,ORD-000744,cod,52.56,USD,completed,2024-05-15T10:57:37.121054141
PAY-000745,ORD-000745,credit_card,111.41,USD,completed,2023-10-07T01:03:58.431416269
PAY-000746,ORD-000746,paypal,254.05,USD,completed,2023-12-15T04:59:43.646768764
PAY-000747,ORD-000747,credit_card,204.27,USD,failed,
PAY-000748,ORD-000748,credit_card,18.69,USD,completed,2023-03-04T05:30:39.930889917
PAY-000749,ORD-000749,paypal,410.39,USD,completed,2023-09-25T20:31:59.063078957
PAY-000750,ORD-000750,bank_transfer,129.31,USD,completed,2023-12-19T07:00:50.081878362
